compound,base_compound,isotope_info,neutral_formula,ion_formula,mass_type,calculated_mz,atomic_base_mass,atomic_mz,rdkit_base_mass,rdkit_mz,atomic_difference,rdkit_difference,method_difference
Water [M+H]+,Water,,H2O,H3O,protonated,19.0183896837,18.0105646837,19.0183896837,18.010565,19.01839,0.0,3.1629999952542676e-07,3.1629999952542676e-07
Water [M+NH4]+,Water,,H2O,H6NO,ammoniated,36.0443876837,18.0105646837,36.0443876837,18.010565,36.044388,0.0,3.162999959727131e-07,3.162999959727131e-07
Water [M+Na]+,Water,,H2O,H2NaO,sodiated,41.0003336837,18.0105646837,41.0003336837,18.010565,41.000333999999995,0.0,3.162999959727131e-07,3.162999959727131e-07
Water [M+K]+,Water,,H2O,H2KO,potassiated,56.9742716837,18.0105646837,56.974271683699996,18.010565,56.974272,7.105427357601002e-15,3.162999959727131e-07,3.1630000307814043e-07
Water [2M+H]+,Water,,H4O2,H5O2,dimer_protonated,36.0211293674,36.0211293674,37.0289543674,36.02113,37.028954999999996,1.0078249999999969,1.007825632599996,6.325999990508535e-07
Phosphine [M+H]+,Phosphine,,PH3,H4P,protonated,35.0050617262,33.99723672621,35.005061726209995,33.997237,35.005061999999995,9.99733629214461e-12,2.7379999778531783e-07,2.737900004490257e-07
Phosphine [M+NH4]+,Phosphine,,PH3,H7NP,ammoniated,52.0310597262,33.99723672621,52.03105972621,33.997237,52.03106,1.000444171950221e-11,2.7379999778531783e-07,2.737899933435983e-07
Phosphine [M+Na]+,Phosphine,,PH3,H3NaP,sodiated,56.9870057262,33.99723672621,56.98700572621,33.997237,56.987005999999994,9.99733629214461e-12,2.7379999067989047e-07,2.737899933435983e-07
Phosphine [M+K]+,Phosphine,,PH3,H3KP,potassiated,72.9609437262,33.99723672621,72.96094372620999,33.997237,72.960944,9.990230864787009e-12,2.7379999778531783e-07,2.7379000755445304e-07
Phosphine [2M+H]+,Phosphine,,H6P2,H7P2,dimer_protonated,67.9944734524,67.99447345242,69.00229845241999,67.994474,69.002299,1.0078250000199915,1.0078255475999924,5.475800008980514e-07
Acetonitrile [M+H]+,Acetonitrile,,C2H3N,C2H4N,protonated,42.0343741010,41.02654910101,42.034374101009995,41.026549,42.034374,9.99733629214461e-12,1.0099999769863643e-07,1.0100999503492858e-07
Acetonitrile [M+NH4]+,Acetonitrile,,C2H3N,C2H7N2,ammoniated,59.0603721010,41.02654910101,59.06037210101,41.026549,59.060372,1.000444171950221e-11,1.0099999769863643e-07,1.0101000214035594e-07
Acetonitrile [M+Na]+,Acetonitrile,,C2H3N,C2H3NNa,sodiated,64.0163181010,41.02654910101,64.01631810101,41.026549,64.016318,1.000444171950221e-11,1.0099999769863643e-07,1.0101000214035594e-07
Acetonitrile [M+K]+,Acetonitrile,,C2H3N,C2H3KN,potassiated,79.9902561010,41.02654910101,79.99025610101,41.026549,79.990256,1.000444171950221e-11,1.0099999769863643e-07,1.0101000214035594e-07
Acetonitrile [2M+H]+,Acetonitrile,,C4H6N2,C4H7N2,dimer_protonated,82.0530982020,82.05309820202,83.06092320201999,82.053098,83.060923,1.0078250000199915,1.0078247980000015,2.0201999006985716e-07
Nitrogen dioxide [M+H]+,Nitrogen dioxide,,NO2,HNO2,protonated,47.0007282439,45.99290324392,47.000728243919994,45.992904,47.000729,1.999467258428922e-11,7.561000003875051e-07,7.560800057149208e-07
Nitrogen dioxide [M+NH4]+,Nitrogen dioxide,,NO2,H4N2O2,ammoniated,64.0267262439,45.99290324392,64.02672624392,45.992904,64.02672700000001,1.999467258428922e-11,7.561000074929325e-07,7.560800128203482e-07
Nitrogen dioxide [M+Na]+,Nitrogen dioxide,,NO2,NNaO2,sodiated,68.9826722439,45.99290324392,68.98267224391999,45.992904,68.982673,1.999467258428922e-11,7.561000074929325e-07,7.560800128203482e-07
Nitrogen dioxide [M+K]+,Nitrogen dioxide,,NO2,KNO2,potassiated,84.9566102439,45.99290324392,84.95661024392,45.992904,84.95661100000001,1.999467258428922e-11,7.561000074929325e-07,7.560800128203482e-07
Nitrogen dioxide [2M+H]+,Nitrogen dioxide,,N2O4,HN2O4,dimer_protonated,91.9858064878,91.98580648784,92.99363148783999,91.985808,92.993633,1.0078250000399862,1.0078265121999976,1.5121600114298417e-06
Phosphine oxide [M+H]+,Phosphine oxide,,PH3O,H4OP,protonated,50.9999763458,49.99215134577,50.999976345769994,49.992152,50.999976999999994,3.000621973114903e-11,6.541999937326182e-07,6.542299999523493e-07
Phosphine oxide [M+NH4]+,Phosphine oxide,,PH3O,H7NOP,ammoniated,68.0259743458,49.99215134577,68.02597434577,49.992152,68.025975,2.999911430379143e-11,6.542000079434729e-07,6.542300070577767e-07
Phosphine oxide [M+Na]+,Phosphine oxide,,PH3O,H3NaOP,sodiated,72.9819203458,49.99215134577,72.98192034576999,49.992152,72.981921,3.001332515850663e-11,6.541999937326182e-07,6.542300070577767e-07
Phosphine oxide [M+K]+,Phosphine oxide,,PH3O,H3KOP,potassiated,88.9558583458,49.99215134577,88.95585834577,49.992152,88.955859,2.999911430379143e-11,6.542000079434729e-07,6.542300070577767e-07
Phosphine oxide [2M+H]+,Phosphine oxide,,H6O2P2,H7O2P2,dimer_protonated,99.9843026915,99.98430269154,100.99212769153999,99.98430400000001,100.992129,1.0078250000399862,1.0078263085000003,1.3084600141155533e-06
Potassium hydroxide [M+H]+,Potassium hydroxide,,KOH,H2KO,protonated,56.9742713316,55.96644633163,56.97427133163,55.966446999999995,56.97427199999999,2.999911430379143e-11,6.683999913548178e-07,6.68369992240514e-07
Potassium hydroxide [M+NH4]+,Potassium hydroxide,,KOH,H5KNO,ammoniated,74.0002693316,55.96644633163,74.00026933163001,55.966446999999995,74.00027,3.001332515850663e-11,6.684000055656725e-07,6.68369992240514e-07
Potassium hydroxide [M+Na]+,Potassium hydroxide,,KOH,HKNaO,sodiated,78.9562153316,55.96644633163,78.95621533163,55.966446999999995,78.956216,2.999911430379143e-11,6.683999913548178e-07,6.68369992240514e-07
Potassium hydroxide [M+K]+,Potassium hydroxide,,KOH,HK2O,potassiated,94.9301533316,55.96644633163,94.93015333163001,55.966446999999995,94.93015399999999,3.001332515850663e-11,6.683999913548178e-07,6.683699780296593e-07
Potassium hydroxide [2M+H]+,Potassium hydroxide,,H2K2O2,H3K2O2,dimer_protonated,111.9328926633,111.93289266326,112.94071766326,111.93289399999999,112.94071899999999,1.0078249999600075,1.007826336699992,1.336739984481028e-06
Acetone [M+H]+,Acetone,,C3H6O,C3H7O,protonated,59.0496898120,58.04186481198,59.049689811979995,58.041865,59.04969,2.000177801164682e-11,1.8800000134433503e-07,1.8802000312234668e-07
Acetone [M+NH4]+,Acetone,,C3H6O,C3H10NO,ammoniated,76.0756878120,58.04186481198,76.07568781198,58.041865,76.075688,1.999467258428922e-11,1.8800000134433503e-07,1.8801999601691932e-07
Acetone [M+Na]+,Acetone,,C3H6O,C3H6NaO,sodiated,81.0316338120,58.04186481198,81.03163381198,58.041865,81.031634,1.999467258428922e-11,1.8800000134433503e-07,1.8801999601691932e-07
Acetone [M+K]+,Acetone,,C3H6O,C3H6KO,potassiated,97.0055718120,58.04186481198,97.00557181197999,58.041865,97.005572,2.000888343900442e-11,1.8800000134433503e-07,1.8802001022777404e-07
Acetone [2M+H]+,Acetone,,C6H12O2,C6H13O2,dimer_protonated,116.0837296240,116.08372962396,117.09155462396,116.08373,117.091555,1.0078249999599933,1.0078253759999996,3.7604000624469336e-07
Silica [M+H]+,Silica,,SiO2,HO2Si,protonated,60.9745807716,59.96675577162,60.97458077162,59.966757,60.974582,1.999467258428922e-11,1.2283999950568614e-06,1.228380000384277e-06
Silica [M+NH4]+,Silica,,SiO2,H4NO2Si,ammoniated,78.0005787716,59.96675577162,78.00057877162,59.966757,78.00058,1.999467258428922e-11,1.2283999950568614e-06,1.228380000384277e-06
Silica [M+Na]+,Silica,,SiO2,NaO2Si,sodiated,82.9565247716,59.96675577162,82.95652477162,59.966757,82.956526,1.999467258428922e-11,1.2283999950568614e-06,1.228380000384277e-06
Silica [M+K]+,Silica,,SiO2,KO2Si,potassiated,98.9304627716,59.96675577162,98.93046277162,59.966757,98.930464,1.999467258428922e-11,1.2283999950568614e-06,1.228380000384277e-06
Silica [2M+H]+,Silica,,O4Si2,HO4Si2,dimer_protonated,119.9335115432,119.93351154324,120.94133654324,119.933514,120.941339,1.0078250000400004,1.0078274568000012,2.456760000768554e-06
Isopropanol [M+H]+,Isopropanol,,C3H8O,C3H9O,protonated,61.0653398761,60.05751487612,61.06533987612,60.057515,61.06534,2.000177801164682e-11,1.2390000136974777e-07,1.2387999959173612e-07
Isopropanol [M+NH4]+,Isopropanol,,C3H8O,C3H12NO,ammoniated,78.0913378761,60.05751487612,78.09133787612001,60.057515,78.09133800000001,2.000888343900442e-11,1.2390000847517513e-07,1.2387999959173612e-07
Isopropanol [M+Na]+,Isopropanol,,C3H8O,C3H8NaO,sodiated,83.0472838761,60.05751487612,83.04728387612,60.057515,83.047284,2.000888343900442e-11,1.2390000847517513e-07,1.2387999959173612e-07
Isopropanol [M+K]+,Isopropanol,,C3H8O,C3H8KO,potassiated,99.0212218761,60.05751487612,99.02122187612,60.057515,99.021222,1.999467258428922e-11,1.238999942643204e-07,1.2387999959173612e-07
Isopropanol [2M+H]+,Isopropanol,,C6H16O2,C6H17O2,dimer_protonated,120.1150297522,120.11502975224,121.12285475224,120.11503,121.122855,1.0078250000400004,1.0078252477999996,2.4775999918347225e-07
Isopropanol [M-H2O+H]+,Isopropanol,,C3H6,C3H7,dehydrated_protonated,42.0469501924,42.04695019242,25.03912519242,42.04695,25.039125000000002,17.00782499998,17.007825192399995,1.9241999638097695e-07
"1,2-Ethylenediamine [M+H]+","1,2-Ethylenediamine",,C2H8N2,C2H9N2,protonated,61.0765732662,60.06874826616,61.07657326616,60.068748,61.076572999999996,4.000355602329364e-11,2.6620000426191837e-07,2.6616000070589507e-07
"1,2-Ethylenediamine [M+NH4]+","1,2-Ethylenediamine",,C2H8N2,C2H12N3,ammoniated,78.1025712662,60.06874826616,78.10257126616,60.068748,78.102571,4.000355602329364e-11,2.6620000426191837e-07,2.6616000070589507e-07
"1,2-Ethylenediamine [M+Na]+","1,2-Ethylenediamine",,C2H8N2,C2H8N2Na,sodiated,83.0585172662,60.06874826616,83.05851726616,60.068748,83.058517,4.000355602329364e-11,2.6620000426191837e-07,2.6616000070589507e-07
"1,2-Ethylenediamine [M+K]+","1,2-Ethylenediamine",,C2H8N2,C2H8KN2,potassiated,99.0324552662,60.06874826616,99.03245526616,60.068748,99.032455,4.000355602329364e-11,2.6620000426191837e-07,2.6616000070589507e-07
"1,2-Ethylenediamine [2M+H]+","1,2-Ethylenediamine",,C4H16N4,C4H17N4,dimer_protonated,120.1374965323,120.13749653232,121.14532153232,120.137496,121.145321,1.0078250000199915,1.0078244676999901,5.323200014117901e-07
Ethylene glycol [M+H]+,Ethylene glycol,,C2H6O2,C2H7O2,protonated,63.0446044315,62.03677943154,63.044604431539994,62.03678,63.044605,3.999645059593604e-11,5.684999990762662e-07,5.684600026256703e-07
Ethylene glycol [M+NH4]+,Ethylene glycol,,C2H6O2,C2H10NO2,ammoniated,80.0706024315,62.03677943154,80.07060243154,62.03678,80.070603,3.998934516857844e-11,5.684999990762662e-07,5.684600097310977e-07
Ethylene glycol [M+Na]+,Ethylene glycol,,C2H6O2,C2H6NaO2,sodiated,85.0265484315,62.03677943154,85.02654843154,62.03678,85.026549,3.998934516857844e-11,5.684999990762662e-07,5.684600097310977e-07
Ethylene glycol [M+K]+,Ethylene glycol,,C2H6O2,C2H6KO2,potassiated,101.0004864315,62.03677943154,101.00048643154,62.03678,101.00048699999999,4.000355602329364e-11,5.684999990762662e-07,5.68459995520243e-07
Ethylene glycol [2M+H]+,Ethylene glycol,,C4H12O4,C4H13O4,dimer_protonated,124.0735588631,124.07355886308,125.08138386307999,124.07356,125.081385,1.007824999979988,1.0078261368999932,1.1369200052513406e-06
Ethylene glycol [M-H2O+H]+,Ethylene glycol,,C2H4O,C2H5O,dehydrated_protonated,44.0262147478,44.02621474784,27.01838974784,44.026215,27.01839,17.007824999959997,17.007824747799997,2.521599995475299e-07
Nitric acid [M+H]+,Nitric acid,,HNO3,H2NO3,protonated,64.0034678956,62.99564289555,64.00346789555,62.995644000000006,64.00346900000001,4.999378688808065e-11,1.1044000132187648e-06,1.1044500070056529e-06
Nitric acid [M+NH4]+,Nitric acid,,HNO3,H5N2O3,ammoniated,81.0294658956,62.99564289555,81.02946589555,62.995644000000006,81.02946700000001,4.999378688808065e-11,1.1044000132187648e-06,1.1044500070056529e-06
Nitric acid [M+Na]+,Nitric acid,,HNO3,HNNaO3,sodiated,85.9854118956,62.99564289555,85.98541189555,62.995644000000006,85.98541300000001,4.999378688808065e-11,1.1044000132187648e-06,1.1044500070056529e-06
Nitric acid [M+K]+,Nitric acid,,HNO3,HKNO3,potassiated,101.9593498955,62.99564289555,101.95934989554999,62.995644000000006,101.959351,4.999378688808065e-11,1.104500000792541e-06,1.1044500070056529e-06
Nitric acid [2M+H]+,Nitric acid,,H2N2O6,H3N2O6,dimer_protonated,125.9912857911,125.9912857911,126.9991107911,125.99128800000001,126.99911300000001,1.0078249999999969,1.0078272089000109,2.2089000140113058e-06
DMSO [M+H]+,DMSO,,C2H6OS,C2H7OS,protonated,79.0217608120,78.01393581197999,79.02176081197999,78.013936,79.021761,2.000888343900442e-11,1.8800000134433503e-07,1.8802001022777404e-07
DMSO [M+NH4]+,DMSO,,C2H6OS,C2H10NOS,ammoniated,96.0477588120,78.01393581197999,96.04775881197999,78.013936,96.047759,2.000888343900442e-11,1.8800000134433503e-07,1.8802001022777404e-07
DMSO [M+Na]+,DMSO,,C2H6OS,C2H6NaOS,sodiated,101.0037048120,78.01393581197999,101.00370481197999,78.013936,101.003705,2.000888343900442e-11,1.8800000134433503e-07,1.8802001022777404e-07
DMSO [M+K]+,DMSO,,C2H6OS,C2H6KOS,potassiated,116.9776428120,78.01393581197999,116.97764281197999,78.013936,116.977643,2.000888343900442e-11,1.8800000134433503e-07,1.8802001022777404e-07
DMSO [2M+H]+,DMSO,,C4H12O2S2,C4H13O2S2,dimer_protonated,156.0278716240,156.02787162395998,157.03569662395998,156.027872,157.035697,1.007824999959979,1.0078253759999996,3.760400204555481e-07
DMSO-d6 [M+H]+,DMSO-d6,,C2D6OS,C2HD6OS,protonated,85.0594212864,84.05159628636,85.05942128635999,84.051598,85.059423,4.000355602329364e-11,1.7135999996753526e-06,1.7136400032313759e-06
DMSO-d6 [M+NH4]+,DMSO-d6,,C2D6OS,C2H4D6NOS,ammoniated,102.0854192864,84.05159628636,102.08541928636,84.051598,102.085421,4.000355602329364e-11,1.7135999996753526e-06,1.7136400032313759e-06
DMSO-d6 [M+Na]+,DMSO-d6,,C2D6OS,C2D6NaOS,sodiated,107.0413652864,84.05159628636,107.04136528635999,84.051598,107.041367,4.000355602329364e-11,1.7135999996753526e-06,1.7136400032313759e-06
DMSO-d6 [M+K]+,DMSO-d6,,C2D6OS,C2D6KOS,potassiated,123.0153032864,84.05159628636,123.01530328636,84.051598,123.015305,4.000355602329364e-11,1.7135999996753526e-06,1.7136400032313759e-06
DMSO-d6 [2M+H]+,DMSO-d6,,C4D12O2S2,C4HD12O2S2,dimer_protonated,168.1031925727,168.10319257272,169.11101757272,168.103196,169.111021,1.0078250000199773,1.0078284272999838,3.4272800064627518e-06
Piperidine [M+H]+,Piperidine,,C5H11N,C5H12N,protonated,86.0969743576,85.08914935757,86.09697435756999,85.08914899999999,86.09697399999999,3.001332515850663e-11,3.5760001537710195e-07,3.5757000205194345e-07
Piperidine [M+NH4]+,Piperidine,,C5H11N,C5H15N2,ammoniated,103.1229723576,85.08914935757,103.12297235756999,85.08914899999999,103.12297199999999,3.001332515850663e-11,3.5760001537710195e-07,3.5757000205194345e-07
Piperidine [M+Na]+,Piperidine,,C5H11N,C5H11NNa,sodiated,108.0789183576,85.08914935757,108.07891835756999,85.08914899999999,108.07891799999999,3.001332515850663e-11,3.5760001537710195e-07,3.5757000205194345e-07
Piperidine [M+K]+,Piperidine,,C5H11N,C5H11KN,potassiated,124.0528563576,85.08914935757,124.05285635757,85.08914899999999,124.05285599999999,3.001332515850663e-11,3.5760001537710195e-07,3.5757000205194345e-07
Piperidine [2M+H]+,Piperidine,,C10H22N2,C10H23N2,dimer_protonated,170.1782987151,170.17829871514,171.18612371513998,170.17829799999998,171.18612299999998,1.0078250000399862,1.007824284899982,7.151400041038869e-07
Hexanes [M+H]+,Hexanes,,C6H14,C6H15,protonated,87.1173754490,86.10955044898,87.11737544898,86.10955,87.117375,1.999467258428922e-11,4.489999980705761e-07,4.489800033979918e-07
Hexanes [M+NH4]+,Hexanes,,C6H14,C6H18N,ammoniated,104.1433734490,86.10955044898,104.14337344898,86.10955,104.143373,1.999467258428922e-11,4.489999980705761e-07,4.489800033979918e-07
Hexanes [M+Na]+,Hexanes,,C6H14,C6H14Na,sodiated,109.0993194490,86.10955044898,109.09931944898,86.10955,109.099319,2.000888343900442e-11,4.4900001228143083e-07,4.489800033979918e-07
Hexanes [M+K]+,Hexanes,,C6H14,C6H14K,potassiated,125.0732574490,86.10955044898,125.07325744898,86.10955,125.073257,1.999467258428922e-11,4.489999980705761e-07,4.489800033979918e-07
Hexanes [2M+H]+,Hexanes,,C12H28,C12H29,dimer_protonated,172.2191008980,172.21910089796,173.22692589796,172.2191,173.226925,1.0078249999600075,1.0078241020000007,8.979600067959836e-07
Toluene [M+H]+,Toluene,,C7H8,C7H9,protonated,93.0704252566,92.06260025656,93.07042525656,92.0626,93.070425,4.000355602329364e-11,2.566000034676108e-07,2.565599999115875e-07
Toluene [M+NH4]+,Toluene,,C7H8,C7H12N,ammoniated,110.0964232566,92.06260025656,110.09642325656,92.0626,110.096423,4.000355602329364e-11,2.566000034676108e-07,2.565599999115875e-07
Toluene [M+Na]+,Toluene,,C7H8,C7H8Na,sodiated,115.0523692566,92.06260025656,115.05236925656,92.0626,115.052369,4.000355602329364e-11,2.566000034676108e-07,2.565599999115875e-07
Toluene [M+K]+,Toluene,,C7H8,C7H8K,potassiated,131.0263072566,92.06260025656,131.02630725656002,92.0626,131.026307,3.998934516857844e-11,2.566000034676108e-07,2.565600141224422e-07
Toluene [2M+H]+,Toluene,,C14H16,C14H17,dimer_protonated,184.1252005131,184.12520051312,185.13302551312,184.1252,185.133025,1.0078250000200057,1.007824486900006,5.13119999823175e-07
Aniline [M+H]+,Aniline,,C6H7N,C6H8N,protonated,94.0656742293,93.05784922929,94.06567422929,93.057849,94.065674,1.000444171950221e-11,2.2929999943244184e-07,2.2928999499072233e-07
Aniline [M+NH4]+,Aniline,,C6H7N,C6H11N2,ammoniated,111.0916722293,93.05784922929,111.09167222929,93.057849,111.091672,1.000444171950221e-11,2.2929999943244184e-07,2.2928999499072233e-07
Aniline [M+Na]+,Aniline,,C6H7N,C6H7NNa,sodiated,116.0476182293,93.05784922929,116.04761822929,93.057849,116.047618,1.000444171950221e-11,2.2929999943244184e-07,2.2928999499072233e-07
Aniline [M+K]+,Aniline,,C6H7N,C6H7KN,potassiated,132.0215562293,93.05784922929,132.02155622929,93.057849,132.021556,9.976020010071807e-12,2.2929998522158712e-07,2.2929000920157705e-07
Aniline [2M+H]+,Aniline,,C12H14N2,C12H15N2,dimer_protonated,186.1156984586,186.11569845858,187.12352345858,186.115698,187.123523,1.007824999979988,1.007824541399998,4.5857998998144467e-07
Silicic acid [M+H]+,Silicic acid,,H4SiO4,H5O4Si,protonated,96.9957101390,95.98788513902,96.99571013901999,95.987887,96.995712,1.999467258428922e-11,1.8610000012131422e-06,1.860980006540558e-06
Silicic acid [M+NH4]+,Silicic acid,,H4SiO4,H8NO4Si,ammoniated,114.0217081390,95.98788513902,114.02170813901999,95.987887,114.02171,1.999467258428922e-11,1.8610000012131422e-06,1.860980006540558e-06
Silicic acid [M+Na]+,Silicic acid,,H4SiO4,H4NaO4Si,sodiated,118.9776541390,95.98788513902,118.97765413901999,95.987887,118.977656,1.999467258428922e-11,1.8610000012131422e-06,1.860980006540558e-06
Silicic acid [M+K]+,Silicic acid,,H4SiO4,H4KO4Si,potassiated,134.9515921390,95.98788513902,134.95159213902,95.987887,134.951594,1.9980461729574017e-11,1.8609999870022875e-06,1.860980006540558e-06
Silicic acid [2M+H]+,Silicic acid,,H8O8Si2,H9O8Si2,dimer_protonated,191.9757702780,191.97577027804,192.98359527803999,191.975774,192.983599,1.0078250000399862,1.0078287219999993,3.721960013081116e-06
Phosphoric acid [M+H]+,Phosphoric acid,,H3PO4,H4O4P,protonated,98.9847202044,97.97689520444999,98.98472020444999,97.97689700000001,98.984722,4.997957603336545e-11,1.7955999993546357e-06,1.7955500197786023e-06
Phosphoric acid [M+NH4]+,Phosphoric acid,,H3PO4,H7NO4P,ammoniated,116.0107182044,97.97689520444999,116.01071820444999,97.97689700000001,116.01072,4.997957603336545e-11,1.7955999993546357e-06,1.7955500197786023e-06
Phosphoric acid [M+Na]+,Phosphoric acid,,H3PO4,H3NaO4P,sodiated,120.9666642044,97.97689520444999,120.96666420444998,97.97689700000001,120.966666,4.997957603336545e-11,1.7955999993546357e-06,1.7955500197786023e-06
Phosphoric acid [M+K]+,Phosphoric acid,,H3PO4,H3KO4P,potassiated,136.9406022044,97.97689520444999,136.94060220445,97.97689700000001,136.940604,4.999378688808065e-11,1.7956000135654904e-06,1.7955500197786023e-06
Phosphoric acid [2M+H]+,Phosphoric acid,,H6O8P2,H7O8P2,dimer_protonated,195.9537904089,195.9537904089,196.9616154089,195.95379400000002,196.961619,1.0078249999999969,1.007828591100008,3.591100011135495e-06
Triethylamine [M+H]+,Triethylamine,,C6H15N,C6H16N,protonated,102.1282744858,101.12044948585,102.12827448585,101.120449,102.12827399999999,4.999378688808065e-11,4.858000153262765e-07,4.858500091131646e-07
Triethylamine [M+NH4]+,Triethylamine,,C6H15N,C6H19N2,ammoniated,119.1542724859,101.12044948585,119.15427248585,101.120449,119.15427199999999,4.999378688808065e-11,4.859000029000526e-07,4.858500091131646e-07
Triethylamine [M+Na]+,Triethylamine,,C6H15N,C6H15NNa,sodiated,124.1102184858,101.12044948585,124.11021848585,101.120449,124.11021799999999,4.999378688808065e-11,4.858000153262765e-07,4.858500091131646e-07
Triethylamine [M+K]+,Triethylamine,,C6H15N,C6H15KN,potassiated,140.0841564859,101.12044948585,140.08415648585,101.120449,140.084156,4.999378688808065e-11,4.858999886891979e-07,4.858499949023098e-07
Triethylamine [2M+H]+,Triethylamine,,C12H30N2,C12H31N2,dimer_protonated,202.2408989717,202.2408989717,203.2487239717,202.240898,203.24872299999998,1.0078249999999969,1.0078240282999786,9.717000182263291e-07
Selenium dioxide [M+H]+,Selenium dioxide,80Se,SeO2,HO2Se,protonated,112.9141755391,111.90635053912,112.91417553912,111.906352,112.914177,1.999467258428922e-11,1.4608999947540724e-06,1.4608800000814881e-06
Selenium dioxide [M+NH4]+,Selenium dioxide,80Se,SeO2,H4NO2Se,ammoniated,129.9401735391,111.90635053912,129.94017353912,111.906352,129.940175,2.000888343900442e-11,1.4609000231757818e-06,1.4608800142923428e-06
Selenium dioxide [M+Na]+,Selenium dioxide,80Se,SeO2,NaO2Se,sodiated,134.8961195391,111.90635053912,134.89611953912,111.906352,134.896121,2.000888343900442e-11,1.4608999947540724e-06,1.4608799858706334e-06
Selenium dioxide [M+K]+,Selenium dioxide,80Se,SeO2,KO2Se,potassiated,150.8700575391,111.90635053912,150.87005753912,111.906352,150.870059,2.000888343900442e-11,1.4608999947540724e-06,1.4608799858706334e-06
Selenium dioxide [2M+H]+,Selenium dioxide,80Se,O4Se2,HO4Se2,dimer_protonated,223.8127010782,223.81270107824,224.82052607824,223.812704,224.820529,1.0078250000399862,1.0078279217999864,2.9217600001629762e-06
PBG fragment 1 [M+H]+,PBG fragment 1,,C7H7NO,C7H8NO,protonated,122.0605888488,121.05276384884999,122.06058884884999,121.05276400000001,122.06058900000001,4.999378688808065e-11,1.512000125103441e-07,1.5115001872345601e-07
PBG fragment 1 [M+NH4]+,PBG fragment 1,,C7H7NO,C7H11N2O,ammoniated,139.0865868489,121.05276384884999,139.08658684885,121.05276400000001,139.086587,4.999378688808065e-11,1.5110001072571322e-07,1.511500045126013e-07
PBG fragment 1 [M+Na]+,PBG fragment 1,,C7H7NO,C7H7NNaO,sodiated,144.0425328488,121.05276384884999,144.04253284885,121.05276400000001,144.04253300000002,4.999378688808065e-11,1.512000267211988e-07,1.5115003293431073e-07
PBG fragment 1 [M+K]+,PBG fragment 1,,C7H7NO,C7H7KNO,potassiated,160.0164708488,121.05276384884999,160.01647084885,121.05276400000001,160.01647100000002,4.999378688808065e-11,1.512000267211988e-07,1.5115003293431073e-07
PBG fragment 1 [2M+H]+,PBG fragment 1,,C14H14N2O2,C14H15N2O2,dimer_protonated,242.1055276977,242.10552769769998,243.11335269769998,242.10552800000002,243.11335300000002,1.0078249999999684,1.0078253023000059,3.0230003744691203e-07
PBG fragment 2 [M+H]+,PBG fragment 2,,C7H8O2,C7H9O2,protonated,125.0602544957,124.05242949568,125.06025449568,124.05243,125.060255,1.999467258428922e-11,5.043000044224755e-07,5.043199990950598e-07
PBG fragment 2 [M+NH4]+,PBG fragment 2,,C7H8O2,C7H12NO2,ammoniated,142.0862524957,124.05242949568,142.08625249568001,124.05243,142.086253,1.9980461729574017e-11,5.043000044224755e-07,5.04319984884205e-07
PBG fragment 2 [M+Na]+,PBG fragment 2,,C7H8O2,C7H8NaO2,sodiated,147.0421984957,124.05242949568,147.04219849568,124.05243,147.042199,2.000888343900442e-11,5.043000044224755e-07,5.043200133059145e-07
PBG fragment 2 [M+K]+,PBG fragment 2,,C7H8O2,C7H8KO2,potassiated,163.0161364957,124.05242949568,163.01613649568,124.05243,163.01613700000001,2.000888343900442e-11,5.043000044224755e-07,5.043200133059145e-07
PBG fragment 2 [2M+H]+,PBG fragment 2,,C14H16O4,C14H17O4,dimer_protonated,248.1048589914,248.10485899136,249.11268399136,248.10486,249.112685,1.0078249999600075,1.0078260086000057,1.0086399981901195e-06
Quinoline [M+H]+,Quinoline,,C9H7N,C9H8N,protonated,130.0656742293,129.05784922929,130.06567422929,129.057849,130.065674,9.976020010071807e-12,2.2929998522158712e-07,2.2929000920157705e-07
Quinoline [M+NH4]+,Quinoline,,C9H7N,C9H11N2,ammoniated,147.0916722293,129.05784922929,147.09167222929003,129.057849,147.09167200000002,9.976020010071807e-12,2.2929998522158712e-07,2.2929000920157705e-07
Quinoline [M+Na]+,Quinoline,,C9H7N,C9H7NNa,sodiated,152.0476182293,129.05784922929,152.04761822929,129.057849,152.047618,1.000444171950221e-11,2.2930001364329655e-07,2.2929000920157705e-07
Quinoline [M+K]+,Quinoline,,C9H7N,C9H7KN,potassiated,168.0215562293,129.05784922929,168.02155622929,129.057849,168.021556,9.976020010071807e-12,2.2929998522158712e-07,2.2929000920157705e-07
Quinoline [2M+H]+,Quinoline,,C18H14N2,C18H15N2,dimer_protonated,258.1156984586,258.11569845858,259.12352345858005,258.115698,259.12352300000003,1.0078249999800732,1.0078245414000548,4.585800184031541e-07
Selenic acid [M+H]+,Selenic acid,80Se,H2SeO4,H3O4Se,protonated,146.9196548424,145.91182984238,146.91965484238,145.911832,146.919657,2.000888343900442e-11,2.157599993779513e-06,2.157620002662952e-06
Selenic acid [M+NH4]+,Selenic acid,80Se,H2SeO4,H6NO4Se,ammoniated,163.9456528424,145.91182984238,163.94565284238,145.911832,163.94565500000002,1.9980461729574017e-11,2.1576000222012226e-06,2.157620002662952e-06
Selenic acid [M+Na]+,Selenic acid,80Se,H2SeO4,H2NaO4Se,sodiated,168.9015988424,145.91182984238,168.90159884238,145.911832,168.901601,2.000888343900442e-11,2.157599993779513e-06,2.157620002662952e-06
Selenic acid [M+K]+,Selenic acid,80Se,H2SeO4,H2KO4Se,potassiated,184.8755368424,145.91182984238,184.87553684238,145.911832,184.875539,2.000888343900442e-11,2.157599993779513e-06,2.157620002662952e-06
Selenic acid [2M+H]+,Selenic acid,80Se,H4O8Se2,H5O8Se2,dimer_protonated,291.8236596848,291.82365968476,292.83148468476,291.823664,292.83148900000003,1.0078249999600075,1.0078293152000128,4.315240005325904e-06
Coumarin [M+H]+,Coumarin,,C9H6O2,C9H7O2,protonated,147.0446044315,146.03677943154,147.04460443154,146.03678,147.044605,3.998934516857844e-11,5.684999848654115e-07,5.68459995520243e-07
Coumarin [M+NH4]+,Coumarin,,C9H6O2,C9H10NO2,ammoniated,164.0706024315,146.03677943154,164.07060243154,146.03678,164.070603,4.001776687800884e-11,5.68500013287121e-07,5.68459995520243e-07
Coumarin [M+Na]+,Coumarin,,C9H6O2,C9H6NaO2,sodiated,169.0265484315,146.03677943154,169.02654843154,146.03678,169.026549,3.998934516857844e-11,5.684999848654115e-07,5.68459995520243e-07
Coumarin [M+K]+,Coumarin,,C9H6O2,C9H6KO2,potassiated,185.0004864315,146.03677943154,185.00048643154,146.03678,185.000487,3.998934516857844e-11,5.684999848654115e-07,5.68459995520243e-07
Coumarin [2M+H]+,Coumarin,,C18H12O4,C18H13O4,dimer_protonated,292.0735588631,292.07355886308,293.08138386308,292.07356,293.081385,1.0078249999800164,1.0078261369000074,1.136919991040486e-06
Lead stearate [M+H]+,Lead stearate,,C6H15NO3,C6H16NO3,protonated,150.1130183445,149.10519334453,150.11301834453,149.10519399999998,150.11301899999998,2.998490344907623e-11,6.554999743002554e-07,6.554699893968063e-07
Lead stearate [M+NH4]+,Lead stearate,,C6H15NO3,C6H19N2O3,ammoniated,167.1390163445,149.10519334453,167.13901634453,149.10519399999998,167.139017,3.001332515850663e-11,6.555000027219648e-07,6.554699893968063e-07
Lead stearate [M+Na]+,Lead stearate,,C6H15NO3,C6H15NNaO3,sodiated,172.0949623445,149.10519334453,172.09496234453,149.10519399999998,172.09496299999998,2.998490344907623e-11,6.554999743002554e-07,6.554699893968063e-07
Lead stearate [M+K]+,Lead stearate,,C6H15NO3,C6H15KNO3,potassiated,188.0689003445,149.10519334453,188.06890034453,149.10519399999998,188.06890099999998,2.998490344907623e-11,6.554999743002554e-07,6.554699893968063e-07
Lead stearate [2M+H]+,Lead stearate,,C12H30N2O6,C12H31N2O6,dimer_protonated,298.2103866891,298.21038668906,299.21821168906,298.21038799999997,299.218213,1.0078249999600075,1.0078263108999863,1.3109399787936127e-06
Triethanolamine [M+H]+,Triethanolamine,,C6H15NO3,C6H16NO3,protonated,150.1130183445,149.10519334453,150.11301834453,149.10519399999998,150.11301899999998,2.998490344907623e-11,6.554999743002554e-07,6.554699893968063e-07
Triethanolamine [M+NH4]+,Triethanolamine,,C6H15NO3,C6H19N2O3,ammoniated,167.1390163445,149.10519334453,167.13901634453,149.10519399999998,167.139017,3.001332515850663e-11,6.555000027219648e-07,6.554699893968063e-07
Triethanolamine [M+Na]+,Triethanolamine,,C6H15NO3,C6H15NNaO3,sodiated,172.0949623445,149.10519334453,172.09496234453,149.10519399999998,172.09496299999998,2.998490344907623e-11,6.554999743002554e-07,6.554699893968063e-07
Triethanolamine [M+K]+,Triethanolamine,,C6H15NO3,C6H15KNO3,potassiated,188.0689003445,149.10519334453,188.06890034453,149.10519399999998,188.06890099999998,2.998490344907623e-11,6.554999743002554e-07,6.554699893968063e-07
Triethanolamine [2M+H]+,Triethanolamine,,C12H30N2O6,C12H31N2O6,dimer_protonated,298.2103866891,298.21038668906,299.21821168906,298.21038799999997,299.218213,1.0078249999600075,1.0078263108999863,1.3109399787936127e-06
Triethanolamine [M-H2O+H]+,Triethanolamine,,C6H13NO2,C6H14NO2,dehydrated_protonated,131.0946286608,131.09462866082998,114.08680366082999,131.094629,114.086804,17.007824999970012,17.007824660799997,3.3917001474037534e-07
WPBG-027 fragment [M+H]+,WPBG-027 fragment,,C9H9NO2,C9H10NO2,protonated,164.0711535326,163.06332853255003,164.07115353255003,163.063329,164.071154,4.9965365178650245e-11,4.6740001380385365e-07,4.674499791690323e-07
WPBG-027 fragment [M+NH4]+,WPBG-027 fragment,,C9H9NO2,C9H13N2O2,ammoniated,181.0971515326,163.06332853255003,181.09715153255004,163.063329,181.09715200000002,4.9965365178650245e-11,4.6740001380385365e-07,4.674499791690323e-07
WPBG-027 fragment [M+Na]+,WPBG-027 fragment,,C9H9NO2,C9H9NNaO2,sodiated,186.0530975326,163.06332853255003,186.05309753255003,163.063329,186.053098,4.9965365178650245e-11,4.6740001380385365e-07,4.674499791690323e-07
WPBG-027 fragment [M+K]+,WPBG-027 fragment,,C9H9NO2,C9H9KNO2,potassiated,202.0270355326,163.06332853255003,202.02703553255003,163.063329,202.027036,4.9965365178650245e-11,4.6740001380385365e-07,4.674499791690323e-07
WPBG-027 fragment [2M+H]+,WPBG-027 fragment,,C18H18N2O4,C18H19N2O4,dimer_protonated,326.1266570651,326.12665706510006,327.1344820651001,326.126658,327.13448300000005,1.0078250000000821,1.0078259349000405,9.348999583380646e-07
Diphenylphosphine [M+H]+,Diphenylphosphine,,C12H11P,C12H12P,protonated,187.0676619828,186.05983698276998,187.06766198276998,186.059837,187.06766199999998,3.001332515850663e-11,1.7199994317707024e-08,1.723000764286553e-08
Diphenylphosphine [M+NH4]+,Diphenylphosphine,,C12H11P,C12H15NP,ammoniated,204.0936599828,186.05983698276998,204.09365998277,186.059837,204.09366,3.001332515850663e-11,1.7199994317707024e-08,1.723000764286553e-08
Diphenylphosphine [M+Na]+,Diphenylphosphine,,C12H11P,C12H11NaP,sodiated,209.0496059828,186.05983698276998,209.04960598276998,186.059837,209.04960599999998,3.001332515850663e-11,1.7199994317707024e-08,1.723000764286553e-08
Diphenylphosphine [M+K]+,Diphenylphosphine,,C12H11P,C12H11KP,potassiated,225.0235439828,186.05983698276998,225.02354398276998,186.059837,225.023544,3.001332515850663e-11,1.7199994317707024e-08,1.723000764286553e-08
Diphenylphosphine [2M+H]+,Diphenylphosphine,,C24H22P2,C24H23P2,dimer_protonated,372.1196739655,372.11967396553996,373.12749896554,372.119674,373.127499,1.0078250000399862,1.0078250345000015,3.446001528573106e-08
Diphenylphosphine oxide [M+H]+,Diphenylphosphine oxide,,C12H11OP,C12H12OP,protonated,203.0625766023,202.05475160233,203.06257660232998,202.05475199999998,203.06257699999998,2.998490344907623e-11,3.976999778387835e-07,3.9766999293533445e-07
Diphenylphosphine oxide [M+NH4]+,Diphenylphosphine oxide,,C12H11OP,C12H15NOP,ammoniated,220.0885746023,202.05475160233,220.08857460233,202.05475199999998,220.088575,2.998490344907623e-11,3.976999778387835e-07,3.9766999293533445e-07
Diphenylphosphine oxide [M+Na]+,Diphenylphosphine oxide,,C12H11OP,C12H11NaOP,sodiated,225.0445206023,202.05475160233,225.04452060232998,202.05475199999998,225.04452099999997,2.998490344907623e-11,3.976999778387835e-07,3.9766999293533445e-07
Diphenylphosphine oxide [M+K]+,Diphenylphosphine oxide,,C12H11OP,C12H11KOP,potassiated,241.0184586023,202.05475160233,241.01845860232999,202.05475199999998,241.01845899999998,2.998490344907623e-11,3.976999778387835e-07,3.9766999293533445e-07
Diphenylphosphine oxide [2M+H]+,Diphenylphosphine oxide,,C24H22O2P2,C24H23O2P2,dimer_protonated,404.1095032047,404.10950320466,405.11732820466,404.10950399999996,405.117329,1.0078249999600075,1.0078257952999934,7.953399858706689e-07
3-MPTMS [M+H]+,3-MPTMS,,C6H16O3SSi,C6H17O3SSi,protonated,197.0667669043,196.05894190429999,197.06676690429998,196.058943,197.066768,2.842170943040401e-14,1.095699985853571e-06,1.0957000142752804e-06
3-MPTMS [M+NH4]+,3-MPTMS,,C6H16O3SSi,C6H20NO3SSi,ammoniated,214.0927649043,196.05894190429999,214.0927649043,196.058943,214.092766,0.0,1.0957000142752804e-06,1.0957000142752804e-06
3-MPTMS [M+Na]+,3-MPTMS,,C6H16O3SSi,C6H16NaO3SSi,sodiated,219.0487109043,196.05894190429999,219.04871090429998,196.058943,219.048712,2.842170943040401e-14,1.095699985853571e-06,1.0957000142752804e-06
3-MPTMS [M+K]+,3-MPTMS,,C6H16O3SSi,C6H16KO3SSi,potassiated,235.0226489043,196.05894190429999,235.02264890429998,196.058943,235.02265,2.842170943040401e-14,1.095699985853571e-06,1.0957000142752804e-06
3-MPTMS [2M+H]+,3-MPTMS,,C12H32O6S2Si2,C12H33O6S2Si2,dimer_protonated,392.1178838086,392.11788380859997,393.1257088086,392.117886,393.125711,1.0078249999999684,1.007827191399997,2.191400028550561e-06
Diphenylphosphinic acid [M+H]+,Diphenylphosphinic acid,,C12H11O2P,C12H12O2P,protonated,219.0574912219,218.04966622189,219.05749122189,218.049667,219.057492,1.000444171950221e-11,7.781000022077933e-07,7.781100066495128e-07
Diphenylphosphinic acid [M+NH4]+,Diphenylphosphinic acid,,C12H11O2P,C12H15NO2P,ammoniated,236.0834892219,218.04966622189,236.08348922189,218.049667,236.08349,1.000444171950221e-11,7.781000022077933e-07,7.781100066495128e-07
Diphenylphosphinic acid [M+Na]+,Diphenylphosphinic acid,,C12H11O2P,C12H11NaO2P,sodiated,241.0394352219,218.04966622189,241.03943522189,218.049667,241.039436,1.000444171950221e-11,7.781000022077933e-07,7.781100066495128e-07
Diphenylphosphinic acid [M+K]+,Diphenylphosphinic acid,,C12H11O2P,C12H11KO2P,potassiated,257.0133732219,218.04966622189,257.01337322189,218.049667,257.013374,1.000444171950221e-11,7.781000022077933e-07,7.781100066495128e-07
Diphenylphosphinic acid [2M+H]+,Diphenylphosphinic acid,,C24H22O4P2,C24H23O4P2,dimer_protonated,436.0993324438,436.09933244378,437.10715744378,436.099334,437.107159,1.0078249999800164,1.0078265562000297,1.5562200132990256e-06
Lead oxide [M+H]+,Lead oxide,204Pb,PbO,HOPb,protonated,224.9793917196,223.97156671956,224.97939171956,223.971551,224.979376,3.998934516857844e-11,1.5719599986141475e-05,1.5719559996796306e-05
Lead oxide [M+NH4]+,Lead oxide,204Pb,PbO,H4NOPb,ammoniated,242.0053897196,223.97156671956,242.00538971956001,223.971551,242.00537400000002,3.998934516857844e-11,1.5719599986141475e-05,1.5719559996796306e-05
Lead oxide [M+Na]+,Lead oxide,204Pb,PbO,NaOPb,sodiated,246.9613357196,223.97156671956,246.96133571956,223.971551,246.96132,3.998934516857844e-11,1.5719599986141475e-05,1.5719559996796306e-05
Lead oxide [M+K]+,Lead oxide,204Pb,PbO,KOPb,potassiated,262.9352737196,223.97156671956,262.93527371956,223.971551,262.935258,4.001776687800884e-11,1.5719600014563184e-05,1.5719559996796306e-05
Lead oxide [2M+H]+,Lead oxide,204Pb,O2Pb2,HO2Pb2,dimer_protonated,447.9431334391,447.94313343912,448.95095843912003,447.943102,448.95092700000004,1.0078250000200342,1.0077935609000406,3.143911999359261e-05
Lead hydroxide [M+H]+,Lead hydroxide,204Pb,PbOH2,H3OPb,protonated,226.9950417837,225.9872167837,226.9950417837,225.987201,226.995026,0.0,1.5783700007432344e-05,1.5783700007432344e-05
Lead hydroxide [M+NH4]+,Lead hydroxide,204Pb,PbOH2,H6NOPb,ammoniated,244.0210397837,225.9872167837,244.02103978370002,225.987201,244.021024,2.842170943040401e-14,1.5783699979010635e-05,1.5783700007432344e-05
Lead hydroxide [M+Na]+,Lead hydroxide,204Pb,PbOH2,H2NaOPb,sodiated,248.9769857837,225.9872167837,248.9769857837,225.987201,248.97697,0.0,1.5783700007432344e-05,1.5783700007432344e-05
Lead hydroxide [M+K]+,Lead hydroxide,204Pb,PbOH2,H2KOPb,potassiated,264.9509237837,225.9872167837,264.9509237837,225.987201,264.950908,0.0,1.5783699950588925e-05,1.5783699950588925e-05
Lead hydroxide [2M+H]+,Lead hydroxide,204Pb,H4O2Pb2,H5O2Pb2,dimer_protonated,451.9744335674,451.9744335674,452.98225856740004,451.97440200000005,452.9822270000001,1.0078250000000253,1.0077934326000673,3.156739995802127e-05
PBG [M+H]+,PBG,,C14H17NO2,C14H18NO2,protonated,232.1337537891,231.12592878911,232.13375378911,231.125929,232.133754,9.976020010071807e-12,2.10899997910019e-07,2.1089002189000894e-07
PBG [M+NH4]+,PBG,,C14H17NO2,C14H21N2O2,ammoniated,249.1597517891,231.12592878911,249.15975178911,231.125929,249.15975200000003,1.000444171950221e-11,2.1090002633172844e-07,2.1089002189000894e-07
PBG [M+Na]+,PBG,,C14H17NO2,C14H17NNaO2,sodiated,254.1156977891,231.12592878911,254.11569778911,231.125929,254.115698,9.976020010071807e-12,2.10899997910019e-07,2.1089002189000894e-07
PBG [M+K]+,PBG,,C14H17NO2,C14H17KNO2,potassiated,270.0896357891,231.12592878911,270.08963578911,231.125929,270.08963600000004,1.000444171950221e-11,2.1090005475343787e-07,2.1089005031171837e-07
PBG [2M+H]+,PBG,,C28H34N2O4,C28H35N2O4,dimer_protonated,462.2518575782,462.25185757822,463.25968257822,462.251858,463.25968300000005,1.0078250000200342,1.007825421800078,4.217800437800179e-07
WPBG-027 [M+H]+,WPBG-027,,C14H17NO2,C14H18NO2,protonated,232.1337537891,231.12592878911,232.13375378911,231.125929,232.133754,9.976020010071807e-12,2.10899997910019e-07,2.1089002189000894e-07
WPBG-027 [M+NH4]+,WPBG-027,,C14H17NO2,C14H21N2O2,ammoniated,249.1597517891,231.12592878911,249.15975178911,231.125929,249.15975200000003,1.000444171950221e-11,2.1090002633172844e-07,2.1089002189000894e-07
WPBG-027 [M+Na]+,WPBG-027,,C14H17NO2,C14H17NNaO2,sodiated,254.1156977891,231.12592878911,254.11569778911,231.125929,254.115698,9.976020010071807e-12,2.10899997910019e-07,2.1089002189000894e-07
WPBG-027 [M+K]+,WPBG-027,,C14H17NO2,C14H17KNO2,potassiated,270.0896357891,231.12592878911,270.08963578911,231.125929,270.08963600000004,1.000444171950221e-11,2.1090005475343787e-07,2.1089005031171837e-07
WPBG-027 [2M+H]+,WPBG-027,,C28H34N2O4,C28H35N2O4,dimer_protonated,462.2518575782,462.25185757822,463.25968257822,462.251858,463.25968300000005,1.0078250000200342,1.007825421800078,4.217800437800179e-07
TBA+ [M+H]+,TBA+,,C16H36N,C16H37N,protonated,243.2926001593,242.28477515932,243.29260015932,242.284774,243.292599,1.9980461729574017e-11,1.1593000124321406e-06,1.1593199928938702e-06
TBA+ [M+NH4]+,TBA+,,C16H36N,C16H40N2,ammoniated,260.3185981593,242.28477515932,260.31859815932,242.284774,260.318597,2.000888343900442e-11,1.1592999840104312e-06,1.1593199928938702e-06
TBA+ [M+Na]+,TBA+,,C16H36N,C16H36NNa,sodiated,265.2745441593,242.28477515932,265.27454415932,242.284774,265.274543,2.000888343900442e-11,1.1592999840104312e-06,1.1593199928938702e-06
TBA+ [M+K]+,TBA+,,C16H36N,C16H36KN,potassiated,281.2484821593,242.28477515932,281.24848215932,242.284774,281.24848099999997,2.000888343900442e-11,1.15930004085385e-06,1.159320049737289e-06
TBA+ [2M+H]+,TBA+,,C32H72N2,C32H73N2,dimer_protonated,484.5695503186,484.56955031864,485.57737531864,484.569548,485.577373,1.0078250000399862,1.0078226814000004,2.3186399857877404e-06
1-Octadecene [M+H]+,1-Octadecene,,C18H36,C18H37,protonated,253.2895261545,252.28170115452,253.28952615452,252.2817,253.289525,1.9980461729574017e-11,1.1545000120349869e-06,1.1545199924967164e-06
1-Octadecene [M+NH4]+,1-Octadecene,,C18H36,C18H40N,ammoniated,270.3155241545,252.28170115452,270.31552415452,252.2817,270.315523,2.000888343900442e-11,1.1545000120349869e-06,1.1545200209184259e-06
1-Octadecene [M+Na]+,1-Octadecene,,C18H36,C18H36Na,sodiated,275.2714701545,252.28170115452,275.27147015452,252.2817,275.271469,2.000888343900442e-11,1.154499955191568e-06,1.154519964075007e-06
1-Octadecene [M+K]+,1-Octadecene,,C18H36,C18H36K,potassiated,291.2454081545,252.28170115452,291.24540815451996,252.2817,291.245407,1.9952040020143613e-11,1.1545000120349869e-06,1.154519964075007e-06
1-Octadecene [2M+H]+,1-Octadecene,,C36H72,C36H73,dimer_protonated,504.5634023090,504.56340230904,505.57122730904,504.5634,505.571225,1.0078250000399862,1.0078226910000012,2.309039984993433e-06
Palmitic acid - H2O [M+H]+,Palmitic acid - H2O,,C16H30O,C16H31O,protonated,239.2374905817,238.22966558166002,239.23749058166,238.22966499999998,239.23748999999998,3.998934516857844e-11,5.817000214847212e-07,5.816600321395526e-07
Palmitic acid - H2O [M+NH4]+,Palmitic acid - H2O,,C16H30O,C16H34NO,ammoniated,256.2634885817,238.22966558166002,256.26348858166,238.22966499999998,256.263488,4.001776687800884e-11,5.817000214847212e-07,5.816600037178432e-07
Palmitic acid - H2O [M+Na]+,Palmitic acid - H2O,,C16H30O,C16H30NaO,sodiated,261.2194345817,238.22966558166002,261.21943458166004,238.22966499999998,261.219434,3.9960923459148034e-11,5.817000214847212e-07,5.816600605612621e-07
Palmitic acid - H2O [M+K]+,Palmitic acid - H2O,,C16H30O,C16H30KO,potassiated,277.1933725817,238.22966558166002,277.19337258166,238.22966499999998,277.19337199999995,3.9960923459148034e-11,5.817000214847212e-07,5.816600605612621e-07
Palmitic acid - H2O [2M+H]+,Palmitic acid - H2O,,C32H60O2,C32H61O2,dimer_protonated,476.4593311633,476.45933116332003,477.46715616332006,476.45932999999997,477.467155,1.0078250000200342,1.0078238366999699,1.1633200642791053e-06
Palmitic acid [M+H]+,Palmitic acid,,C16H32O2,C16H33O2,protonated,257.2480552654,256.24023026536,257.24805526536005,256.24023,257.248055,3.9960923459148034e-11,2.6539998998487135e-07,2.653600290614122e-07
Palmitic acid [M+NH4]+,Palmitic acid,,C16H32O2,C16H36NO2,ammoniated,274.2740532654,256.24023026536,274.27405326536,256.24023,274.274053,4.001776687800884e-11,2.654000468282902e-07,2.653600290614122e-07
Palmitic acid [M+Na]+,Palmitic acid,,C16H32O2,C16H32NaO2,sodiated,279.2299992654,256.24023026536,279.22999926536005,256.24023,279.229999,3.9960923459148034e-11,2.6539998998487135e-07,2.653600290614122e-07
Palmitic acid [M+K]+,Palmitic acid,,C16H32O2,C16H32KO2,potassiated,295.2039372654,256.24023026536,295.20393726536,256.24023,295.203937,3.9960923459148034e-11,2.6539998998487135e-07,2.653600290614122e-07
Palmitic acid [2M+H]+,Palmitic acid,,C16H32O2,C32H65O4,dimer_protonated,256.2402302654,256.24023026536,257.24805526536005,256.24023,257.248055,1.0078249999600644,1.0078247346000353,2.653600290614122e-07
Palmitic acid [M-H2O+H]+,Palmitic acid,,C16H32O2,C16H31O,dehydrated_protonated,256.2402302654,256.24023026536,239.23240526536003,256.24023,239.232405,17.007825000039958,17.007825265399987,2.653600290614122e-07
Palmitic acid [M-CO2+H]+,Palmitic acid,,C16H32O2,C15H33,decarboxylated_protonated,256.2402302654,256.24023026536,212.25040126536004,256.24023,212.250401,43.98982900003995,43.989829265399976,2.653600290614122e-07
Diphenylphosphine selenide [M+H]+,Diphenylphosphine selenide,74Se,C12H11PSe,C12H12PSe,protonated,266.9841832828,265.97635828277,266.98418328277,265.976359,266.984184,3.001332515850663e-11,7.172000096034026e-07,7.172300229285611e-07
Diphenylphosphine selenide [M+NH4]+,Diphenylphosphine selenide,74Se,C12H11PSe,C12H15NPSe,ammoniated,284.0101812828,265.97635828277,284.01018128276996,265.976359,284.010182,3.001332515850663e-11,7.172000096034026e-07,7.172300229285611e-07
Diphenylphosphine selenide [M+Na]+,Diphenylphosphine selenide,74Se,C12H11PSe,C12H11NaPSe,sodiated,288.9661272828,265.97635828277,288.96612728277,265.976359,288.966128,3.001332515850663e-11,7.172000096034026e-07,7.172300229285611e-07
Diphenylphosphine selenide [M+K]+,Diphenylphosphine selenide,74Se,C12H11PSe,C12H11KPSe,potassiated,304.9400652828,265.97635828277,304.94006528277,265.976359,304.940066,3.001332515850663e-11,7.172000096034026e-07,7.172300229285611e-07
Diphenylphosphine selenide [2M+H]+,Diphenylphosphine selenide,74Se,C24H22PSe2,C24H23PSe2,dimer_protonated,500.9789549355,500.97895493554,501.98677993554,500.97895600000004,501.98678100000006,1.007825000040043,1.0078260645000796,1.064460036559467e-06
Diphenylphosphine selenide [M+H]+,Diphenylphosphine selenide,76Se,C12H11PSe,C12H12PSe,protonated,266.9841832828,265.97635828277,266.98418328277,265.976359,266.984184,3.001332515850663e-11,7.172000096034026e-07,7.172300229285611e-07
Diphenylphosphine selenide [M+NH4]+,Diphenylphosphine selenide,76Se,C12H11PSe,C12H15NPSe,ammoniated,284.0101812828,265.97635828277,284.01018128276996,265.976359,284.010182,3.001332515850663e-11,7.172000096034026e-07,7.172300229285611e-07
Diphenylphosphine selenide [M+Na]+,Diphenylphosphine selenide,76Se,C12H11PSe,C12H11NaPSe,sodiated,288.9661272828,265.97635828277,288.96612728277,265.976359,288.966128,3.001332515850663e-11,7.172000096034026e-07,7.172300229285611e-07
Diphenylphosphine selenide [M+K]+,Diphenylphosphine selenide,76Se,C12H11PSe,C12H11KPSe,potassiated,304.9400652828,265.97635828277,304.94006528277,265.976359,304.940066,3.001332515850663e-11,7.172000096034026e-07,7.172300229285611e-07
Diphenylphosphine selenide [2M+H]+,Diphenylphosphine selenide,76Se,C24H22PSe2,C24H23PSe2,dimer_protonated,500.9789549355,500.97895493554,501.98677993554,500.97895600000004,501.98678100000006,1.007825000040043,1.0078260645000796,1.064460036559467e-06
Diphenylphosphine selenide [M+H]+,Diphenylphosphine selenide,77Se,C12H11PSe,C12H12PSe,protonated,266.9841832828,265.97635828277,266.98418328277,265.976359,266.984184,3.001332515850663e-11,7.172000096034026e-07,7.172300229285611e-07
Diphenylphosphine selenide [M+NH4]+,Diphenylphosphine selenide,77Se,C12H11PSe,C12H15NPSe,ammoniated,284.0101812828,265.97635828277,284.01018128276996,265.976359,284.010182,3.001332515850663e-11,7.172000096034026e-07,7.172300229285611e-07
Diphenylphosphine selenide [M+Na]+,Diphenylphosphine selenide,77Se,C12H11PSe,C12H11NaPSe,sodiated,288.9661272828,265.97635828277,288.96612728277,265.976359,288.966128,3.001332515850663e-11,7.172000096034026e-07,7.172300229285611e-07
Diphenylphosphine selenide [M+K]+,Diphenylphosphine selenide,77Se,C12H11PSe,C12H11KPSe,potassiated,304.9400652828,265.97635828277,304.94006528277,265.976359,304.940066,3.001332515850663e-11,7.172000096034026e-07,7.172300229285611e-07
Diphenylphosphine selenide [2M+H]+,Diphenylphosphine selenide,77Se,C24H22PSe2,C24H23PSe2,dimer_protonated,500.9789549355,500.97895493554,501.98677993554,500.97895600000004,501.98678100000006,1.007825000040043,1.0078260645000796,1.064460036559467e-06
Diphenylphosphine selenide [M+H]+,Diphenylphosphine selenide,78Se,C12H11PSe,C12H12PSe,protonated,266.9841832828,265.97635828277,266.98418328277,265.976359,266.984184,3.001332515850663e-11,7.172000096034026e-07,7.172300229285611e-07
Diphenylphosphine selenide [M+NH4]+,Diphenylphosphine selenide,78Se,C12H11PSe,C12H15NPSe,ammoniated,284.0101812828,265.97635828277,284.01018128276996,265.976359,284.010182,3.001332515850663e-11,7.172000096034026e-07,7.172300229285611e-07
Diphenylphosphine selenide [M+Na]+,Diphenylphosphine selenide,78Se,C12H11PSe,C12H11NaPSe,sodiated,288.9661272828,265.97635828277,288.96612728277,265.976359,288.966128,3.001332515850663e-11,7.172000096034026e-07,7.172300229285611e-07
Diphenylphosphine selenide [M+K]+,Diphenylphosphine selenide,78Se,C12H11PSe,C12H11KPSe,potassiated,304.9400652828,265.97635828277,304.94006528277,265.976359,304.940066,3.001332515850663e-11,7.172000096034026e-07,7.172300229285611e-07
Diphenylphosphine selenide [2M+H]+,Diphenylphosphine selenide,78Se,C24H22PSe2,C24H23PSe2,dimer_protonated,500.9789549355,500.97895493554,501.98677993554,500.97895600000004,501.98678100000006,1.007825000040043,1.0078260645000796,1.064460036559467e-06
Diphenylphosphine selenide [M+H]+,Diphenylphosphine selenide,80Se,C12H11PSe,C12H12PSe,protonated,266.9841832828,265.97635828277,266.98418328277,265.976359,266.984184,3.001332515850663e-11,7.172000096034026e-07,7.172300229285611e-07
Diphenylphosphine selenide [M+NH4]+,Diphenylphosphine selenide,80Se,C12H11PSe,C12H15NPSe,ammoniated,284.0101812828,265.97635828277,284.01018128276996,265.976359,284.010182,3.001332515850663e-11,7.172000096034026e-07,7.172300229285611e-07
Diphenylphosphine selenide [M+Na]+,Diphenylphosphine selenide,80Se,C12H11PSe,C12H11NaPSe,sodiated,288.9661272828,265.97635828277,288.96612728277,265.976359,288.966128,3.001332515850663e-11,7.172000096034026e-07,7.172300229285611e-07
Diphenylphosphine selenide [M+K]+,Diphenylphosphine selenide,80Se,C12H11PSe,C12H11KPSe,potassiated,304.9400652828,265.97635828277,304.94006528277,265.976359,304.940066,3.001332515850663e-11,7.172000096034026e-07,7.172300229285611e-07
Diphenylphosphine selenide [2M+H]+,Diphenylphosphine selenide,80Se,C24H22PSe2,C24H23PSe2,dimer_protonated,500.9789549355,500.97895493554,501.98677993554,500.97895600000004,501.98678100000006,1.007825000040043,1.0078260645000796,1.064460036559467e-06
Diphenylphosphine selenide [M+H]+,Diphenylphosphine selenide,82Se,C12H11PSe,C12H12PSe,protonated,266.9841832828,265.97635828277,266.98418328277,265.976359,266.984184,3.001332515850663e-11,7.172000096034026e-07,7.172300229285611e-07
Diphenylphosphine selenide [M+NH4]+,Diphenylphosphine selenide,82Se,C12H11PSe,C12H15NPSe,ammoniated,284.0101812828,265.97635828277,284.01018128276996,265.976359,284.010182,3.001332515850663e-11,7.172000096034026e-07,7.172300229285611e-07
Diphenylphosphine selenide [M+Na]+,Diphenylphosphine selenide,82Se,C12H11PSe,C12H11NaPSe,sodiated,288.9661272828,265.97635828277,288.96612728277,265.976359,288.966128,3.001332515850663e-11,7.172000096034026e-07,7.172300229285611e-07
Diphenylphosphine selenide [M+K]+,Diphenylphosphine selenide,82Se,C12H11PSe,C12H11KPSe,potassiated,304.9400652828,265.97635828277,304.94006528277,265.976359,304.940066,3.001332515850663e-11,7.172000096034026e-07,7.172300229285611e-07
Diphenylphosphine selenide [2M+H]+,Diphenylphosphine selenide,82Se,C24H22PSe2,C24H23PSe2,dimer_protonated,500.9789549355,500.97895493554,501.98677993554,500.97895600000004,501.98678100000006,1.007825000040043,1.0078260645000796,1.064460036559467e-06
Linoleic acid [M+H]+,Linoleic acid,,C18H32O2,C18H35O2,protonated,281.2480552654,280.24023026536,281.24805526536005,280.24023,281.248055,3.9960923459148034e-11,2.6539998998487135e-07,2.653600290614122e-07
Linoleic acid [M+NH4]+,Linoleic acid,,C18H32O2,C18H38NO2,ammoniated,298.2740532654,280.24023026536,298.27405326536,280.24023,298.274053,4.001776687800884e-11,2.654000468282902e-07,2.653600290614122e-07
Linoleic acid [M+Na]+,Linoleic acid,,C18H32O2,C18H34NaO2,sodiated,303.2299992654,280.24023026536,303.22999926536005,280.24023,303.229999,3.9960923459148034e-11,2.6539998998487135e-07,2.653600290614122e-07
Linoleic acid [M+K]+,Linoleic acid,,C18H32O2,C18H34KO2,potassiated,319.2039372654,280.24023026536,319.20393726536,280.24023,319.203937,3.9960923459148034e-11,2.6539998998487135e-07,2.653600290614122e-07
Linoleic acid [2M+H]+,Linoleic acid,,C18H32O2,C36H69O4,dimer_protonated,280.2402302654,280.24023026536,281.24805526536005,280.24023,281.248055,1.0078249999600644,1.0078247346000353,2.653600290614122e-07
Linoleic acid [M-H2O+H]+,Linoleic acid,,C18H32O2,C18H33O,dehydrated_protonated,280.2402302654,280.24023026536,263.23240526536,280.24023,263.23240499999997,17.007825000039986,17.007825265400015,2.653600290614122e-07
Linoleic acid [M-CO2+H]+,Linoleic acid,,C18H32O2,C17H35,decarboxylated_protonated,280.2402302654,280.24023026536,236.25040126536004,280.24023,236.250401,43.98982900003995,43.989829265399976,2.653600290614122e-07
Oleic acid - H2O [M+H]+,Oleic acid - H2O,,C18H32O,C18H33O,protonated,265.2531406458,264.2453156458,265.25314064580004,264.245315,265.25314000000003,5.684341886080802e-14,6.457999575104623e-07,6.458000143538811e-07
Oleic acid - H2O [M+NH4]+,Oleic acid - H2O,,C18H32O,C18H36NO,ammoniated,282.2791386458,264.2453156458,282.2791386458,264.245315,282.279138,0.0,6.458000143538811e-07,6.458000143538811e-07
Oleic acid - H2O [M+Na]+,Oleic acid - H2O,,C18H32O,C18H32NaO,sodiated,287.2350846458,264.2453156458,287.23508464580004,264.245315,287.23508400000003,5.684341886080802e-14,6.457999575104623e-07,6.458000143538811e-07
Oleic acid - H2O [M+K]+,Oleic acid - H2O,,C18H32O,C18H32KO,potassiated,303.2090226458,264.2453156458,303.2090226458,264.245315,303.209022,0.0,6.458000143538811e-07,6.458000143538811e-07
Oleic acid - H2O [2M+H]+,Oleic acid - H2O,,C36H64O2,C36H65O2,dimer_protonated,528.4906312916,528.4906312916,529.4984562916001,528.49063,529.498455,1.0078250000000253,1.0078237083999966,1.2916000287077622e-06
Linoleic acid - H2O [M+H]+,Linoleic acid - H2O,,C18H30O,C18H31O,protonated,263.2374905817,262.22966558166,263.23749058166004,262.229665,263.23749000000004,3.9960923459148034e-11,5.816999646413024e-07,5.816600037178432e-07
Linoleic acid - H2O [M+NH4]+,Linoleic acid - H2O,,C18H30O,C18H34NO,ammoniated,280.2634885817,262.22966558166,280.26348858166,262.229665,280.263488,4.001776687800884e-11,5.817000214847212e-07,5.816600037178432e-07
Linoleic acid - H2O [M+Na]+,Linoleic acid - H2O,,C18H30O,C18H30NaO,sodiated,285.2194345817,262.22966558166,285.21943458166004,262.229665,285.21943400000004,3.9960923459148034e-11,5.816999646413024e-07,5.816600037178432e-07
Linoleic acid - H2O [M+K]+,Linoleic acid - H2O,,C18H30O,C18H30KO,potassiated,301.1933725817,262.22966558166,301.19337258166,262.229665,301.193372,3.9960923459148034e-11,5.816999646413024e-07,5.816600037178432e-07
Linoleic acid - H2O [2M+H]+,Linoleic acid - H2O,,C36H60O2,C36H61O2,dimer_protonated,524.4593311633,524.45933116332,525.46715616332,524.45933,525.467155,1.0078250000200342,1.0078238367000267,1.1633200074356864e-06
Palmitoleic acid [M+H]+,Palmitoleic acid,,C16H30O2,C18H35O2,protonated,255.2324052012,254.22458020122002,255.23240520122002,254.22458,255.232405,2.000888343900442e-11,2.012000095419353e-07,2.012200184253743e-07
Palmitoleic acid [M+NH4]+,Palmitoleic acid,,C16H30O2,C18H38NO2,ammoniated,272.2584032012,254.22458020122002,272.25840320122,254.22458,272.258403,2.000888343900442e-11,2.012000095419353e-07,2.012200184253743e-07
Palmitoleic acid [M+Na]+,Palmitoleic acid,,C16H30O2,C18H34NaO2,sodiated,277.2143492012,254.22458020122002,277.21434920122005,254.22458,277.214349,2.006572685786523e-11,2.0119995269851643e-07,2.012200184253743e-07
Palmitoleic acid [M+K]+,Palmitoleic acid,,C16H30O2,C18H34KO2,potassiated,293.1882872012,254.22458020122002,293.18828720122,254.22458,293.188287,2.000888343900442e-11,2.012000095419353e-07,2.012200184253743e-07
Palmitoleic acid [2M+H]+,Palmitoleic acid,,C16H30O2,C36H69O4,dimer_protonated,254.2245802012,254.22458020122002,255.23240520122002,254.22458,255.232405,1.0078250000200057,1.0078247987999873,2.012200184253743e-07
Stearic acid [M+H]+,Stearic acid,,C18H36O2,C18H37O2,protonated,285.2793553936,284.27153039364,285.27935539364,284.27153,285.279355,4.001776687800884e-11,3.9359997572319116e-07,3.9363999349006917e-07
Stearic acid [M+NH4]+,Stearic acid,,C18H36O2,C18H40NO2,ammoniated,302.3053533936,284.27153039364,302.30535339363996,284.27153,302.30535299999997,3.9960923459148034e-11,3.9360003256661e-07,3.9363999349006917e-07
Stearic acid [M+Na]+,Stearic acid,,C18H36O2,C18H36NaO2,sodiated,307.2612993936,284.27153039364,307.26129939364,284.27153,307.261299,4.001776687800884e-11,3.9359997572319116e-07,3.9363999349006917e-07
Stearic acid [M+K]+,Stearic acid,,C18H36O2,C18H36KO2,potassiated,323.2352373936,284.27153039364,323.23523739364,284.27153,323.235237,3.9960923459148034e-11,3.9360003256661e-07,3.9363999349006917e-07
Stearic acid [2M+H]+,Stearic acid,,C18H36O2,C36H73O4,dimer_protonated,284.2715303936,284.27153039364,285.27935539364,284.27153,285.279355,1.0078250000399862,1.0078246063999927,3.9363999349006917e-07
Stearic acid [M-H2O+H]+,Stearic acid,,C18H36O2,C18H35O,dehydrated_protonated,284.2715303936,284.27153039364,267.26370539363995,284.27153,267.26370499999996,17.007824999960064,17.007825393600058,3.9363999349006917e-07
Stearic acid [M-CO2+H]+,Stearic acid,,C18H36O2,C17H37,decarboxylated_protonated,284.2715303936,284.27153039364,240.28170139364,284.27153,240.281701,43.989828999960025,43.98982939360002,3.9363999349006917e-07
Stearic acid - H2O [M+H]+,Stearic acid - H2O,,C18H34O,C18H35O,protonated,267.2687907099,266.26096570993997,267.26879070994,266.260965,267.26879,4.001776687800884e-11,7.098999503796222e-07,7.099399681465002e-07
Stearic acid - H2O [M+NH4]+,Stearic acid - H2O,,C18H34O,C18H38NO,ammoniated,284.2947887099,266.26096570993997,284.29478870993995,266.260965,284.294788,3.9960923459148034e-11,7.09900007223041e-07,7.099399681465002e-07
Stearic acid - H2O [M+Na]+,Stearic acid - H2O,,C18H34O,C18H34NaO,sodiated,289.2507347099,266.26096570993997,289.25073470994,266.260965,289.250734,4.001776687800884e-11,7.098999503796222e-07,7.099399681465002e-07
Stearic acid - H2O [M+K]+,Stearic acid - H2O,,C18H34O,C18H34KO,potassiated,305.2246727099,266.26096570993997,305.22467270993997,266.260965,305.224672,3.9960923459148034e-11,7.09900007223041e-07,7.099399681465002e-07
Stearic acid - H2O [2M+H]+,Stearic acid - H2O,,C36H68O2,C36H69O2,dimer_protonated,532.5219314199,532.5219314198799,533.52975641988,532.52193,533.529755,1.0078249999799027,1.0078235800999664,1.4198799362930004e-06
Oleic acid [M+H]+,Oleic acid,,C18H34O2,C18H35O2,protonated,283.2637053295,282.2558803295,283.2637053295,282.25588,283.263705,0.0,3.2949998285403126e-07,3.2949998285403126e-07
Oleic acid [M+NH4]+,Oleic acid,,C18H34O2,C18H38NO2,ammoniated,300.2897033295,282.2558803295,300.28970332949996,282.25588,300.289703,5.684341886080802e-14,3.295000396974501e-07,3.2949998285403126e-07
Oleic acid [M+Na]+,Oleic acid,,C18H34O2,C18H34NaO2,sodiated,305.2456493295,282.2558803295,305.2456493295,282.25588,305.245649,0.0,3.2949998285403126e-07,3.2949998285403126e-07
Oleic acid [M+K]+,Oleic acid,,C18H34O2,C18H34KO2,potassiated,321.2195873295,282.2558803295,321.2195873295,282.25588,321.219587,0.0,3.2949998285403126e-07,3.2949998285403126e-07
Oleic acid [2M+H]+,Oleic acid,,C18H34O2,C36H69O4,dimer_protonated,282.2558803295,282.2558803295,283.2637053295,282.25588,283.263705,1.0078250000000253,1.0078246705000424,3.2949998285403126e-07
Oleic acid [M-H2O+H]+,Oleic acid,,C18H34O2,C18H33O,dehydrated_protonated,282.2558803295,282.2558803295,265.24805532949995,282.25588,265.24805499999997,17.007825000000025,17.007825329500008,3.2949998285403126e-07
Oleic acid [M-CO2+H]+,Oleic acid,,C18H34O2,C17H35,decarboxylated_protonated,282.2558803295,282.2558803295,238.2660513295,282.25588,238.266051,43.989828999999986,43.98982932949997,3.2949998285403126e-07
Lead acetate [M+H]+,Lead acetate,204Pb,PbC4H6O4,C4H7O4Pb,protonated,327.0110857707,326.00326077065995,327.01108577066,326.00324600000005,327.0110710000001,4.001776687800884e-11,1.4770699920063635e-05,1.4770659902296757e-05
Lead acetate [M+NH4]+,Lead acetate,204Pb,PbC4H6O4,C4H10NO4Pb,ammoniated,344.0370837707,326.00326077065995,344.03708377065993,326.00324600000005,344.03706900000003,4.007461029686965e-11,1.4770699976907053e-05,1.4770659902296757e-05
Lead acetate [M+Na]+,Lead acetate,204Pb,PbC4H6O4,C4H6NaO4Pb,sodiated,348.9930297707,326.00326077065995,348.99302977066,326.00324600000005,348.99301500000007,4.001776687800884e-11,1.4770699920063635e-05,1.4770659902296757e-05
Lead acetate [M+K]+,Lead acetate,204Pb,PbC4H6O4,C4H6KO4Pb,potassiated,364.9669677707,326.00326077065995,364.96696777065995,326.00324600000005,364.96695300000005,4.007461029686965e-11,1.4770699976907053e-05,1.4770659902296757e-05
Lead acetate [2M+H]+,Lead acetate,204Pb,C8H12O8Pb2,C8H13O8Pb2,dimer_protonated,652.0065215413,652.00652154132,653.01434654132,652.006492,653.014317,1.0078250000200342,1.0077954587000022,2.954132003196719e-05
TOP [M+H]+,TOP,,C24H51P,C24H52P,protonated,371.3806632656,370.37283826557,371.38066326557004,370.372837,371.38066200000003,2.9956481739645824e-11,1.2655999626076664e-06,1.2655700061259267e-06
TOP [M+NH4]+,TOP,,C24H51P,C24H55NP,ammoniated,388.4066612656,370.37283826557,388.40666126557,370.372837,388.40666,3.001332515850663e-11,1.2656000194510852e-06,1.2655700061259267e-06
TOP [M+Na]+,TOP,,C24H51P,C24H51NaP,sodiated,393.3626072656,370.37283826557,393.36260726557003,370.372837,393.362606,2.9956481739645824e-11,1.2655999626076664e-06,1.2655700061259267e-06
TOP [M+K]+,TOP,,C24H51P,C24H51KP,potassiated,409.3365452656,370.37283826557,409.33654526557,370.372837,409.336544,3.001332515850663e-11,1.2656000194510852e-06,1.2655700061259267e-06
TOP [2M+H]+,TOP,,C48H102P2,C48H103P2,dimer_protonated,740.7456765311,740.74567653114,741.75350153114,740.745674,741.753499,1.007825000040043,1.0078224689000308,2.5311400122518535e-06
TOPO [M+H]+,TOPO,,C24H51OP,C24H52OP,protonated,387.3755778851,386.36775288513,387.37557788513004,386.367752,387.375577,3.007016857736744e-11,8.850999506648805e-07,8.851300208334578e-07
TOPO [M+NH4]+,TOPO,,C24H51OP,C24H55NOP,ammoniated,404.4015758851,386.36775288513,404.40157588513,386.367752,404.401575,3.001332515850663e-11,8.851000075082993e-07,8.851300208334578e-07
TOPO [M+Na]+,TOPO,,C24H51OP,C24H51NaOP,sodiated,409.3575218851,386.36775288513,409.35752188513004,386.367752,409.357521,3.001332515850663e-11,8.851000075082993e-07,8.851300208334578e-07
TOPO [M+K]+,TOPO,,C24H51OP,C24H51KOP,potassiated,425.3314598851,386.36775288513,425.33145988513,386.367752,425.331459,3.001332515850663e-11,8.851000075082993e-07,8.851300208334578e-07
TOPO [2M+H]+,TOPO,,C48H102O2P2,C48H103O2P2,dimer_protonated,772.7355057703,772.73550577026,773.7433307702601,772.735504,773.743329,1.0078249999600075,1.0078232296999659,1.7702600416669156e-06
Trioctylphosphine selenide [M+H]+,Trioctylphosphine selenide,74Se,C24H51PSe,C24H52PSe,protonated,451.2971845656,450.28935956557,451.29718456557003,450.289359,451.297184,2.9956481739645824e-11,5.655999757436803e-07,5.655700192619406e-07
Trioctylphosphine selenide [M+NH4]+,Trioctylphosphine selenide,74Se,C24H51PSe,C24H55NPSe,ammoniated,468.3231825656,450.28935956557,468.32318256557,450.289359,468.323182,3.001332515850663e-11,5.656000325870991e-07,5.655700192619406e-07
Trioctylphosphine selenide [M+Na]+,Trioctylphosphine selenide,74Se,C24H51PSe,C24H51NaPSe,sodiated,473.2791285656,450.28935956557,473.27912856557003,450.289359,473.279128,2.9956481739645824e-11,5.655999757436803e-07,5.655700192619406e-07
Trioctylphosphine selenide [M+K]+,Trioctylphosphine selenide,74Se,C24H51PSe,C24H51KPSe,potassiated,489.2530665656,450.28935956557,489.25306656557,450.289359,489.253066,3.001332515850663e-11,5.656000325870991e-07,5.655700192619406e-07
Trioctylphosphine selenide [2M+H]+,Trioctylphosphine selenide,74Se,C48H102PSe2,C48H103PSe2,dimer_protonated,869.6049575011,869.60495750114,870.61278250114,869.6049559999999,870.6127809999999,1.007825000040043,1.0078234988999384,1.5011401046649553e-06
Trioctylphosphine selenide [M+H]+,Trioctylphosphine selenide,76Se,C24H51PSe,C24H52PSe,protonated,451.2971845656,450.28935956557,451.29718456557003,450.289359,451.297184,2.9956481739645824e-11,5.655999757436803e-07,5.655700192619406e-07
Trioctylphosphine selenide [M+NH4]+,Trioctylphosphine selenide,76Se,C24H51PSe,C24H55NPSe,ammoniated,468.3231825656,450.28935956557,468.32318256557,450.289359,468.323182,3.001332515850663e-11,5.656000325870991e-07,5.655700192619406e-07
Trioctylphosphine selenide [M+Na]+,Trioctylphosphine selenide,76Se,C24H51PSe,C24H51NaPSe,sodiated,473.2791285656,450.28935956557,473.27912856557003,450.289359,473.279128,2.9956481739645824e-11,5.655999757436803e-07,5.655700192619406e-07
Trioctylphosphine selenide [M+K]+,Trioctylphosphine selenide,76Se,C24H51PSe,C24H51KPSe,potassiated,489.2530665656,450.28935956557,489.25306656557,450.289359,489.253066,3.001332515850663e-11,5.656000325870991e-07,5.655700192619406e-07
Trioctylphosphine selenide [2M+H]+,Trioctylphosphine selenide,76Se,C48H102PSe2,C48H103PSe2,dimer_protonated,869.6049575011,869.60495750114,870.61278250114,869.6049559999999,870.6127809999999,1.007825000040043,1.0078234988999384,1.5011401046649553e-06
Trioctylphosphine selenide [M+H]+,Trioctylphosphine selenide,77Se,C24H51PSe,C24H52PSe,protonated,451.2971845656,450.28935956557,451.29718456557003,450.289359,451.297184,2.9956481739645824e-11,5.655999757436803e-07,5.655700192619406e-07
Trioctylphosphine selenide [M+NH4]+,Trioctylphosphine selenide,77Se,C24H51PSe,C24H55NPSe,ammoniated,468.3231825656,450.28935956557,468.32318256557,450.289359,468.323182,3.001332515850663e-11,5.656000325870991e-07,5.655700192619406e-07
Trioctylphosphine selenide [M+Na]+,Trioctylphosphine selenide,77Se,C24H51PSe,C24H51NaPSe,sodiated,473.2791285656,450.28935956557,473.27912856557003,450.289359,473.279128,2.9956481739645824e-11,5.655999757436803e-07,5.655700192619406e-07
Trioctylphosphine selenide [M+K]+,Trioctylphosphine selenide,77Se,C24H51PSe,C24H51KPSe,potassiated,489.2530665656,450.28935956557,489.25306656557,450.289359,489.253066,3.001332515850663e-11,5.656000325870991e-07,5.655700192619406e-07
Trioctylphosphine selenide [2M+H]+,Trioctylphosphine selenide,77Se,C48H102PSe2,C48H103PSe2,dimer_protonated,869.6049575011,869.60495750114,870.61278250114,869.6049559999999,870.6127809999999,1.007825000040043,1.0078234988999384,1.5011401046649553e-06
Trioctylphosphine selenide [M+H]+,Trioctylphosphine selenide,78Se,C24H51PSe,C24H52PSe,protonated,451.2971845656,450.28935956557,451.29718456557003,450.289359,451.297184,2.9956481739645824e-11,5.655999757436803e-07,5.655700192619406e-07
Trioctylphosphine selenide [M+NH4]+,Trioctylphosphine selenide,78Se,C24H51PSe,C24H55NPSe,ammoniated,468.3231825656,450.28935956557,468.32318256557,450.289359,468.323182,3.001332515850663e-11,5.656000325870991e-07,5.655700192619406e-07
Trioctylphosphine selenide [M+Na]+,Trioctylphosphine selenide,78Se,C24H51PSe,C24H51NaPSe,sodiated,473.2791285656,450.28935956557,473.27912856557003,450.289359,473.279128,2.9956481739645824e-11,5.655999757436803e-07,5.655700192619406e-07
Trioctylphosphine selenide [M+K]+,Trioctylphosphine selenide,78Se,C24H51PSe,C24H51KPSe,potassiated,489.2530665656,450.28935956557,489.25306656557,450.289359,489.253066,3.001332515850663e-11,5.656000325870991e-07,5.655700192619406e-07
Trioctylphosphine selenide [2M+H]+,Trioctylphosphine selenide,78Se,C48H102PSe2,C48H103PSe2,dimer_protonated,869.6049575011,869.60495750114,870.61278250114,869.6049559999999,870.6127809999999,1.007825000040043,1.0078234988999384,1.5011401046649553e-06
TOPSe [M+H]+,TOPSe,,C24H51PSe,C24H52PSe,protonated,451.2971845656,450.28935956557,451.29718456557003,450.289359,451.297184,2.9956481739645824e-11,5.655999757436803e-07,5.655700192619406e-07
TOPSe [M+NH4]+,TOPSe,,C24H51PSe,C24H55NPSe,ammoniated,468.3231825656,450.28935956557,468.32318256557,450.289359,468.323182,3.001332515850663e-11,5.656000325870991e-07,5.655700192619406e-07
TOPSe [M+Na]+,TOPSe,,C24H51PSe,C24H51NaPSe,sodiated,473.2791285656,450.28935956557,473.27912856557003,450.289359,473.279128,2.9956481739645824e-11,5.655999757436803e-07,5.655700192619406e-07
TOPSe [M+K]+,TOPSe,,C24H51PSe,C24H51KPSe,potassiated,489.2530665656,450.28935956557,489.25306656557,450.289359,489.253066,3.001332515850663e-11,5.656000325870991e-07,5.655700192619406e-07
TOPSe [2M+H]+,TOPSe,,C48H102P2Se2,C48H103P2Se2,dimer_protonated,900.5787191311,900.57871913114,901.58654413114,900.578718,901.586543,1.007825000040043,1.0078238689000045,1.1311400385238812e-06
Trioctylphosphine selenide [M+H]+,Trioctylphosphine selenide,80Se,C24H51PSe,C24H52PSe,protonated,451.2971845656,450.28935956557,451.29718456557003,450.289359,451.297184,2.9956481739645824e-11,5.655999757436803e-07,5.655700192619406e-07
Trioctylphosphine selenide [M+NH4]+,Trioctylphosphine selenide,80Se,C24H51PSe,C24H55NPSe,ammoniated,468.3231825656,450.28935956557,468.32318256557,450.289359,468.323182,3.001332515850663e-11,5.656000325870991e-07,5.655700192619406e-07
Trioctylphosphine selenide [M+Na]+,Trioctylphosphine selenide,80Se,C24H51PSe,C24H51NaPSe,sodiated,473.2791285656,450.28935956557,473.27912856557003,450.289359,473.279128,2.9956481739645824e-11,5.655999757436803e-07,5.655700192619406e-07
Trioctylphosphine selenide [M+K]+,Trioctylphosphine selenide,80Se,C24H51PSe,C24H51KPSe,potassiated,489.2530665656,450.28935956557,489.25306656557,450.289359,489.253066,3.001332515850663e-11,5.656000325870991e-07,5.655700192619406e-07
Trioctylphosphine selenide [2M+H]+,Trioctylphosphine selenide,80Se,C48H102PSe2,C48H103PSe2,dimer_protonated,869.6049575011,869.60495750114,870.61278250114,869.6049559999999,870.6127809999999,1.007825000040043,1.0078234988999384,1.5011401046649553e-06
Trioctylphosphine selenide [M+H]+,Trioctylphosphine selenide,82Se,C24H51PSe,C24H52PSe,protonated,451.2971845656,450.28935956557,451.29718456557003,450.289359,451.297184,2.9956481739645824e-11,5.655999757436803e-07,5.655700192619406e-07
Trioctylphosphine selenide [M+NH4]+,Trioctylphosphine selenide,82Se,C24H51PSe,C24H55NPSe,ammoniated,468.3231825656,450.28935956557,468.32318256557,450.289359,468.323182,3.001332515850663e-11,5.656000325870991e-07,5.655700192619406e-07
Trioctylphosphine selenide [M+Na]+,Trioctylphosphine selenide,82Se,C24H51PSe,C24H51NaPSe,sodiated,473.2791285656,450.28935956557,473.27912856557003,450.289359,473.279128,2.9956481739645824e-11,5.655999757436803e-07,5.655700192619406e-07
Trioctylphosphine selenide [M+K]+,Trioctylphosphine selenide,82Se,C24H51PSe,C24H51KPSe,potassiated,489.2530665656,450.28935956557,489.25306656557,450.289359,489.253066,3.001332515850663e-11,5.656000325870991e-07,5.655700192619406e-07
Trioctylphosphine selenide [2M+H]+,Trioctylphosphine selenide,82Se,C48H102PSe2,C48H103PSe2,dimer_protonated,869.6049575011,869.60495750114,870.61278250114,869.6049559999999,870.6127809999999,1.007825000040043,1.0078234988999384,1.5011401046649553e-06
Lead [M+H]+,Lead,204Pb,PbI2,HI2Pb,protonated,462.7934231000,461.7855981,462.79342310000004,461.785572,462.793397,5.684341886080802e-14,2.6099999956841202e-05,2.610000001368462e-05
Lead [M+NH4]+,Lead,204Pb,PbI2,H4I2NPb,ammoniated,479.8194211000,461.7855981,479.8194211,461.785572,479.819395,0.0,2.610000001368462e-05,2.610000001368462e-05
Lead [M+Na]+,Lead,204Pb,PbI2,I2NaPb,sodiated,484.7753671000,461.7855981,484.77536710000004,461.785572,484.775341,5.684341886080802e-14,2.6099999956841202e-05,2.610000001368462e-05
Lead [M+K]+,Lead,204Pb,PbI2,I2KPb,potassiated,500.7493051000,461.7855981,500.7493051,461.785572,500.749279,0.0,2.610000001368462e-05,2.610000001368462e-05
Lead [2M+H]+,Lead,204Pb,I4Pb2,HI4Pb2,dimer_protonated,923.5711962000,923.5711962,924.5790212,923.571144,924.578969,1.0078250000000253,1.007772799999998,5.220000002736924e-05
Lead palmitate [M+H]+,Lead palmitate,,PbC32H62O4,C32H63O4Pb,protonated,719.4492875666,718.4414625665801,719.4492875665801,718.4414459999999,719.449271,1.9895196601282805e-11,1.6566600038459e-05,1.65665801432624e-05
Lead palmitate [M+NH4]+,Lead palmitate,,PbC32H62O4,C32H66NO4Pb,ammoniated,736.4752855666,718.4414625665801,736.47528556658,718.4414459999999,736.4752689999999,1.9895196601282805e-11,1.6566600038459e-05,1.65665801432624e-05
Lead palmitate [M+Na]+,Lead palmitate,,PbC32H62O4,C32H62NaO4Pb,sodiated,741.4312315666,718.4414625665801,741.4312315665801,718.4414459999999,741.431215,1.9895196601282805e-11,1.6566600038459e-05,1.65665801432624e-05
Lead palmitate [M+K]+,Lead palmitate,,PbC32H62O4,C32H62KO4Pb,potassiated,757.4051695666,718.4414625665801,757.4051695665801,718.4414459999999,757.4051529999999,1.9895196601282805e-11,1.6566600038459e-05,1.65665801432624e-05
Lead palmitate [2M+H]+,Lead palmitate,,C64H124O8Pb2,C64H125O8Pb2,dimer_protonated,1436.8829251332,1436.8829251331601,1437.89075013316,1436.882892,1437.890717,1.0078249999601212,1.007791866800062,3.313316005915112e-05
Lead linoleate [M+H]+,Lead linoleate,204Pb,PbC36H62O4,C36H63O4Pb,protonated,767.4492875666,766.4414625665801,767.4492875665801,766.4414459999999,767.449271,1.9895196601282805e-11,1.6566600038459e-05,1.65665801432624e-05
Lead linoleate [M+NH4]+,Lead linoleate,204Pb,PbC36H62O4,C36H66NO4Pb,ammoniated,784.4752855666,766.4414625665801,784.47528556658,766.4414459999999,784.4752689999999,1.9895196601282805e-11,1.6566600038459e-05,1.65665801432624e-05
Lead linoleate [M+Na]+,Lead linoleate,204Pb,PbC36H62O4,C36H62NaO4Pb,sodiated,789.4312315666,766.4414625665801,789.4312315665801,766.4414459999999,789.431215,1.9895196601282805e-11,1.6566600038459e-05,1.65665801432624e-05
Lead linoleate [M+K]+,Lead linoleate,204Pb,PbC36H62O4,C36H62KO4Pb,potassiated,805.4051695666,766.4414625665801,805.4051695665801,766.4414459999999,805.4051529999999,1.9895196601282805e-11,1.6566600038459e-05,1.65665801432624e-05
Lead linoleate [2M+H]+,Lead linoleate,204Pb,C72H124O8Pb2,C72H125O8Pb2,dimer_protonated,1532.8829251332,1532.8829251331601,1533.89075013316,1532.8828919999999,1533.8907169999998,1.0078249999601212,1.0077918667998347,3.31331602865248e-05
Lead oleate [M+H]+,Lead oleate,204Pb,PbC36H66O4,C36H67O4Pb,protonated,771.4805876949,770.4727626948601,771.4805876948601,770.4727459999999,771.4805709999999,3.9904080040287226e-11,1.6694900068614515e-05,1.6694860164534475e-05
Lead oleate [M+NH4]+,Lead oleate,204Pb,PbC36H66O4,C36H70NO4Pb,ammoniated,788.5065856949,770.4727626948601,788.5065856948601,770.4727459999999,788.5065689999999,3.9904080040287226e-11,1.6694900068614515e-05,1.6694860164534475e-05
Lead oleate [M+Na]+,Lead oleate,204Pb,PbC36H66O4,C36H66NaO4Pb,sodiated,793.4625316949,770.4727626948601,793.4625316948601,770.4727459999999,793.4625149999999,3.9904080040287226e-11,1.6694900068614515e-05,1.6694860164534475e-05
Lead oleate [M+K]+,Lead oleate,204Pb,PbC36H66O4,C36H66KO4Pb,potassiated,809.4364696949,770.4727626948601,809.4364696948601,770.4727459999999,809.4364529999999,3.9904080040287226e-11,1.6694900068614515e-05,1.6694860164534475e-05
Lead oleate [2M+H]+,Lead oleate,204Pb,C72H132O8Pb2,C72H133O8Pb2,dimer_protonated,1540.9455253897,1540.9455253897202,1541.95335038972,1540.9454919999998,1541.9533169999997,1.0078250000201479,1.0077916102998188,3.338972032906895e-05
3-Mercaptopropylsilanetriol [M+H]+,3-Mercaptopropylsilanetriol,,C3H10O3SSi,C3H11O3SSi,protonated,155.0198167119,154.01199171188,155.01981671188,154.011993,155.019818,2.000888343900442e-11,1.2880999804565363e-06,1.2881199893399753e-06
3-Mercaptopropylsilanetriol [M+NH4]+,3-Mercaptopropylsilanetriol,,C3H10O3SSi,C3H14NO3SSi,ammoniated,172.0458147119,154.01199171188,172.04581471188,154.011993,172.045816,1.9980461729574017e-11,1.2881000088782457e-06,1.2881199893399753e-06
3-Mercaptopropylsilanetriol [M+Na]+,3-Mercaptopropylsilanetriol,,C3H10O3SSi,C3H10NaO3SSi,sodiated,177.0017607119,154.01199171188,177.00176071188,154.011993,177.00176199999999,2.000888343900442e-11,1.2880999804565363e-06,1.2881199893399753e-06
3-Mercaptopropylsilanetriol [M+K]+,3-Mercaptopropylsilanetriol,,C3H10O3SSi,C3H10KO3SSi,potassiated,192.9756987119,154.01199171188,192.97569871188,154.011993,192.9757,2.000888343900442e-11,1.2880999804565363e-06,1.2881199893399753e-06
3-Mercaptopropylsilanetriol [2M+H]+,3-Mercaptopropylsilanetriol,,C6H20O6S2Si2,C6H21O6S2Si2,dimer_protonated,308.0239834238,308.02398342376,309.03180842376,308.023986,309.031811,1.0078249999600075,1.0078275761999862,2.5762399786799506e-06
Hexamethylcyclotrisiloxane (D3) [M+H]+,Hexamethylcyclotrisiloxane (D3),,C6H18O3Si3,C6H19O3Si3,protonated,223.0641990334,222.05637403344,223.06419903344,222.056376,223.064201,3.998934516857844e-11,1.9665999957396707e-06,1.966560006394502e-06
Hexamethylcyclotrisiloxane (D3) [M+NH4]+,Hexamethylcyclotrisiloxane (D3),,C6H18O3Si3,C6H22NO3Si3,ammoniated,240.0901970334,222.05637403344,240.09019703344,222.056376,240.090199,4.001776687800884e-11,1.96660002416138e-06,1.966560006394502e-06
Hexamethylcyclotrisiloxane (D3) [M+Na]+,Hexamethylcyclotrisiloxane (D3),,C6H18O3Si3,C6H18NaO3Si3,sodiated,245.0461430334,222.05637403344,245.04614303344,222.056376,245.046145,3.998934516857844e-11,1.9665999957396707e-06,1.966560006394502e-06
Hexamethylcyclotrisiloxane (D3) [M+K]+,Hexamethylcyclotrisiloxane (D3),,C6H18O3Si3,C6H18KO3Si3,potassiated,261.0200810334,222.05637403344,261.02008103343996,222.056376,261.020083,3.9960923459148034e-11,1.9665999957396707e-06,1.9665600348162116e-06
Hexamethylcyclotrisiloxane (D3) [2M+H]+,Hexamethylcyclotrisiloxane (D3),,C12H36O6Si6,C12H37O6Si6,dimer_protonated,444.1127480669,444.11274806688,445.12057306688,444.112752,445.120577,1.0078249999800164,1.0078289331000292,3.933120012789004e-06
Octamethylcyclotetrasiloxane (D4) [M+H]+,Octamethylcyclotetrasiloxane (D4),,C8H24O4Si4,C8H25O4Si4,protonated,297.0829903779,296.07516537792,297.08299037792,296.075168,297.08299300000004,2.000888343900442e-11,2.6221000553050544e-06,2.6220800464216154e-06
Octamethylcyclotetrasiloxane (D4) [M+NH4]+,Octamethylcyclotetrasiloxane (D4),,C8H24O4Si4,C8H28NO4Si4,ammoniated,314.1089883779,296.07516537792,314.10898837791996,296.075168,314.108991,1.9952040020143613e-11,2.6220999984616356e-06,2.6220800464216154e-06
Octamethylcyclotetrasiloxane (D4) [M+Na]+,Octamethylcyclotetrasiloxane (D4),,C8H24O4Si4,C8H24NaO4Si4,sodiated,319.0649343779,296.07516537792,319.06493437792,296.075168,319.06493700000004,2.000888343900442e-11,2.6221000553050544e-06,2.6220800464216154e-06
Octamethylcyclotetrasiloxane (D4) [M+K]+,Octamethylcyclotetrasiloxane (D4),,C8H24O4Si4,C8H24KO4Si4,potassiated,335.0388723779,296.07516537792,335.03887237792,296.075168,335.038875,1.9952040020143613e-11,2.6220999984616356e-06,2.6220800464216154e-06
Octamethylcyclotetrasiloxane (D4) [2M+H]+,Octamethylcyclotetrasiloxane (D4),,C16H48O8Si8,C16H49O8Si8,dimer_protonated,592.1503307558,592.15033075584,593.15815575584,592.150336,593.1581610000001,1.0078250000399294,1.0078302442000222,5.244160092843231e-06
Decamethylcyclopentasiloxane (D5) [M+H]+,Decamethylcyclopentasiloxane (D5),,C10H30O5Si5,C10H31O5Si5,protonated,371.1017817224,370.0939567224,371.1017817224,370.09396,371.101785,0.0,3.2776000011836004e-06,3.2776000011836004e-06
Decamethylcyclopentasiloxane (D5) [M+NH4]+,Decamethylcyclopentasiloxane (D5),,C10H30O5Si5,C10H34NO5Si5,ammoniated,388.1277797224,370.0939567224,388.12777972239996,370.09396,388.12778299999997,5.684341886080802e-14,3.2775999443401815e-06,3.2776000011836004e-06
Decamethylcyclopentasiloxane (D5) [M+Na]+,Decamethylcyclopentasiloxane (D5),,C10H30O5Si5,C10H30NaO5Si5,sodiated,393.0837257224,370.0939567224,393.0837257224,370.09396,393.083729,0.0,3.2776000011836004e-06,3.2776000011836004e-06
Decamethylcyclopentasiloxane (D5) [M+K]+,Decamethylcyclopentasiloxane (D5),,C10H30O5Si5,C10H30KO5Si5,potassiated,409.0576637224,370.0939567224,409.0576637224,370.09396,409.057667,0.0,3.2776000011836004e-06,3.2776000011836004e-06
Decamethylcyclopentasiloxane (D5) [2M+H]+,Decamethylcyclopentasiloxane (D5),,C20H60O10Si10,C20H61O10Si10,dimer_protonated,740.1879134448,740.1879134448,741.1957384448,740.18792,741.195745,1.0078250000000253,1.0078315552000277,6.555200002367201e-06
Diethylene glycol [M+H]+,Diethylene glycol,,C4H10O3,C4H11O3,protonated,107.0708191794,106.06299417938,107.07081917938,106.062995,107.07082,2.000888343900442e-11,8.205999932897612e-07,8.206200021732002e-07
Diethylene glycol [M+NH4]+,Diethylene glycol,,C4H10O3,C4H14NO3,ammoniated,124.0968171794,106.06299417938,124.09681717938,106.062995,124.096818,2.000888343900442e-11,8.205999932897612e-07,8.206200021732002e-07
Diethylene glycol [M+Na]+,Diethylene glycol,,C4H10O3,C4H10NaO3,sodiated,129.0527631794,106.06299417938,129.05276317938,106.062995,129.052764,1.9980461729574017e-11,8.206000075006159e-07,8.206199879623455e-07
Diethylene glycol [M+K]+,Diethylene glycol,,C4H10O3,C4H10KO3,potassiated,145.0267011794,106.06299417938,145.02670117937998,106.062995,145.026702,2.000888343900442e-11,8.206000075006159e-07,8.206200163840549e-07
Diethylene glycol [2M+H]+,Diethylene glycol,,C8H20O6,C8H21O6,dimer_protonated,212.1259883588,212.12598835876,213.13381335876,212.12599,213.133815,1.0078249999600075,1.0078266412000119,1.6412400043464004e-06
Diethylene glycol [M-H2O+H]+,Diethylene glycol,,C4H8O2,C4H9O2,dehydrated_protonated,88.0524294957,88.05242949568,71.04460449568,88.05243,71.044605,17.00782500001999,17.007824495699992,5.043199990950598e-07
Triethylene glycol [M+H]+,Triethylene glycol,,C6H14O4,C6H15O4,protonated,151.0970339272,150.08920892722,151.09703392722,150.08921,151.097035,2.000888343900442e-11,1.0728000177095964e-06,1.0727800088261574e-06
Triethylene glycol [M+NH4]+,Triethylene glycol,,C6H14O4,C6H18NO4,ammoniated,168.1230319272,150.08920892722,168.12303192722,150.08921,168.12303300000002,2.000888343900442e-11,1.0728000177095964e-06,1.0727800088261574e-06
Triethylene glycol [M+Na]+,Triethylene glycol,,C6H14O4,C6H14NaO4,sodiated,173.0789779272,150.08920892722,173.07897792722,150.08921,173.078979,2.000888343900442e-11,1.0728000177095964e-06,1.0727800088261574e-06
Triethylene glycol [M+K]+,Triethylene glycol,,C6H14O4,C6H14KO4,potassiated,189.0529159272,150.08920892722,189.05291592722,150.08921,189.052917,2.000888343900442e-11,1.0728000177095964e-06,1.0727800088261574e-06
Triethylene glycol [2M+H]+,Triethylene glycol,,C12H28O8,C12H29O8,dimer_protonated,300.1784178544,300.17841785444,301.18624285444,300.17842,301.18624500000004,1.007825000040043,1.0078271456000607,2.145560017652315e-06
Triethylene glycol [M-H2O+H]+,Triethylene glycol,,C6H12O3,C6H13O3,dehydrated_protonated,132.0786442435,132.07864424352,115.07081924351999,132.078645,115.07082,17.007824999980016,17.00782424350001,7.56480005748017e-07
TBA fragment C12H28N [M+H]+,TBA fragment C12H28N,,C12H28N,C12H29N,protonated,187.2299999028,186.22217490276,187.22999990276,186.222174,187.229999,3.998934516857844e-11,9.02799996538306e-07,9.027600071931374e-07
TBA fragment C12H28N [M+NH4]+,TBA fragment C12H28N,,C12H28N,C12H32N2,ammoniated,204.2559979028,186.22217490276,204.25599790276001,186.222174,204.255997,3.998934516857844e-11,9.02799996538306e-07,9.027600071931374e-07
TBA fragment C12H28N [M+Na]+,TBA fragment C12H28N,,C12H28N,C12H28NNa,sodiated,209.2119439028,186.22217490276,209.21194390276,186.222174,209.211943,3.998934516857844e-11,9.02799996538306e-07,9.027600071931374e-07
TBA fragment C12H28N [M+K]+,TBA fragment C12H28N,,C12H28N,C12H28KN,potassiated,225.1858819028,186.22217490276,225.18588190276,186.222174,225.185881,3.998934516857844e-11,9.02799996538306e-07,9.027600071931374e-07
TBA fragment C12H28N [2M+H]+,TBA fragment C12H28N,,C24H56N2,C24H57N2,dimer_protonated,372.4443498055,372.44434980552,373.45217480552003,372.444348,373.452173,1.0078250000200342,1.0078231945000198,1.8055200143862749e-06
TBA fragment C6H14N [M+H]+,TBA fragment C6H14N,,C6H14N,C6H15N,protonated,101.1204494538,100.11262445378,101.12044945378,100.112624,101.120449,2.000888343900442e-11,4.538000126785846e-07,4.537800037951456e-07
TBA fragment C6H14N [M+NH4]+,TBA fragment C6H14N,,C6H14N,C6H18N2,ammoniated,118.1464474538,100.11262445378,118.14644745378,100.112624,118.146447,1.999467258428922e-11,4.537999984677299e-07,4.537800037951456e-07
TBA fragment C6H14N [M+Na]+,TBA fragment C6H14N,,C6H14N,C6H14NNa,sodiated,123.1023934538,100.11262445378,123.10239345378,100.112624,123.10239299999999,2.000888343900442e-11,4.538000126785846e-07,4.537800037951456e-07
TBA fragment C6H14N [M+K]+,TBA fragment C6H14N,,C6H14N,C6H14KN,potassiated,139.0763314538,100.11262445378,139.07633145378,100.112624,139.07633099999998,2.000888343900442e-11,4.538000268894393e-07,4.537800180060003e-07
TBA fragment C6H14N [2M+H]+,TBA fragment C6H14N,,C12H28N2,C12H29N2,dimer_protonated,200.2252489076,200.22524890756,201.23307390756,200.225248,201.233073,1.0078249999600075,1.0078240924,9.075600075902912e-07
