compound,base_compound,isotope_info,neutral_formula,ion_formula,mass_type,calculated_mz,atomic_base_mass,atomic_mz,rdkit_base_mass,rdkit_mz,atomic_difference,rdkit_difference,method_difference
Water [M+H]+,Water,,H2O,H3O,protonated,19.0183896837,18.0105646837,19.0183896837,,,0.0,,
Water [M+NH4]+,Water,,H2O,H6NO,ammoniated,36.0443876837,18.0105646837,36.0443876837,,,0.0,,
Water [M+Na]+,Water,,H2O,H2NaO,sodiated,41.0003336837,18.0105646837,41.0003336837,,,0.0,,
Water [M+K]+,Water,,H2O,H2KO,potassiated,56.9742716837,18.0105646837,56.974271683699996,,,7.105427357601002e-15,,
Water [2M+H]+,Water,,H4O2,H5O2,dimer_protonated,36.0211293674,36.0211293674,37.0289543674,,,1.0078249999999969,,
Phosphine [M+H]+,Phosphine,,PH3,H4P,protonated,35.0050617262,33.99723672621,35.005061726209995,,,9.99733629214461e-12,,
Phosphine [M+NH4]+,Phosphine,,PH3,H7NP,ammoniated,52.0310597262,33.99723672621,52.03105972621,,,1.000444171950221e-11,,
Phosphine [M+Na]+,Phosphine,,PH3,H3NaP,sodiated,56.9870057262,33.99723672621,56.98700572621,,,9.99733629214461e-12,,
Phosphine [M+K]+,Phosphine,,PH3,H3KP,potassiated,72.9609437262,33.99723672621,72.96094372620999,,,9.990230864787009e-12,,
Phosphine [2M+H]+,Phosphine,,H6P2,H7P2,dimer_protonated,67.9944734524,67.99447345242,69.00229845241999,,,1.0078250000199915,,
Acetonitrile [M+H]+,Acetonitrile,,C2H3N,C2H4N,protonated,42.0343741010,41.02654910101,42.034374101009995,,,9.99733629214461e-12,,
Acetonitrile [M+NH4]+,Acetonitrile,,C2H3N,C2H7N2,ammoniated,59.0603721010,41.02654910101,59.06037210101,,,1.000444171950221e-11,,
Acetonitrile [M+Na]+,Acetonitrile,,C2H3N,C2H3NNa,sodiated,64.0163181010,41.02654910101,64.01631810101,,,1.000444171950221e-11,,
Acetonitrile [M+K]+,Acetonitrile,,C2H3N,C2H3KN,potassiated,79.9902561010,41.02654910101,79.99025610101,,,1.000444171950221e-11,,
Acetonitrile [2M+H]+,Acetonitrile,,C4H6N2,C4H7N2,dimer_protonated,82.0530982020,82.05309820202,83.06092320201999,,,1.0078250000199915,,
Nitrogen dioxide [M+H]+,Nitrogen dioxide,,NO2,HNO2,protonated,47.0007282439,45.99290324392,47.000728243919994,,,1.999467258428922e-11,,
Nitrogen dioxide [M+NH4]+,Nitrogen dioxide,,NO2,H4N2O2,ammoniated,64.0267262439,45.99290324392,64.02672624392,,,1.999467258428922e-11,,
Nitrogen dioxide [M+Na]+,Nitrogen dioxide,,NO2,NNaO2,sodiated,68.9826722439,45.99290324392,68.98267224391999,,,1.999467258428922e-11,,
Nitrogen dioxide [M+K]+,Nitrogen dioxide,,NO2,KNO2,potassiated,84.9566102439,45.99290324392,84.95661024392,,,1.999467258428922e-11,,
Nitrogen dioxide [2M+H]+,Nitrogen dioxide,,N2O4,HN2O4,dimer_protonated,91.9858064878,91.98580648784,92.99363148783999,,,1.0078250000399862,,
Phosphine oxide [M+H]+,Phosphine oxide,,PH3O,H4OP,protonated,50.9999763458,49.99215134577,50.999976345769994,,,3.000621973114903e-11,,
Phosphine oxide [M+NH4]+,Phosphine oxide,,PH3O,H7NOP,ammoniated,68.0259743458,49.99215134577,68.02597434577,,,2.999911430379143e-11,,
Phosphine oxide [M+Na]+,Phosphine oxide,,PH3O,H3NaOP,sodiated,72.9819203458,49.99215134577,72.98192034576999,,,3.001332515850663e-11,,
Phosphine oxide [M+K]+,Phosphine oxide,,PH3O,H3KOP,potassiated,88.9558583458,49.99215134577,88.95585834577,,,2.999911430379143e-11,,
Phosphine oxide [2M+H]+,Phosphine oxide,,H6O2P2,H7O2P2,dimer_protonated,99.9843026915,99.98430269154,100.99212769153999,,,1.0078250000399862,,
Potassium hydroxide [M+H]+,Potassium hydroxide,,KOH,H2KO,protonated,56.9742713316,55.96644633163,56.97427133163,,,2.999911430379143e-11,,
Potassium hydroxide [M+NH4]+,Potassium hydroxide,,KOH,H5KNO,ammoniated,74.0002693316,55.96644633163,74.00026933163001,,,3.001332515850663e-11,,
Potassium hydroxide [M+Na]+,Potassium hydroxide,,KOH,HKNaO,sodiated,78.9562153316,55.96644633163,78.95621533163,,,2.999911430379143e-11,,
Potassium hydroxide [M+K]+,Potassium hydroxide,,KOH,HK2O,potassiated,94.9301533316,55.96644633163,94.93015333163001,,,3.001332515850663e-11,,
Potassium hydroxide [2M+H]+,Potassium hydroxide,,H2K2O2,H3K2O2,dimer_protonated,111.9328926633,111.93289266326,112.94071766326,,,1.0078249999600075,,
Acetone [M+H]+,Acetone,,C3H6O,C3H7O,protonated,59.0496898120,58.04186481198,59.049689811979995,,,2.000177801164682e-11,,
Acetone [M+NH4]+,Acetone,,C3H6O,C3H10NO,ammoniated,76.0756878120,58.04186481198,76.07568781198,,,1.999467258428922e-11,,
Acetone [M+Na]+,Acetone,,C3H6O,C3H6NaO,sodiated,81.0316338120,58.04186481198,81.03163381198,,,1.999467258428922e-11,,
Acetone [M+K]+,Acetone,,C3H6O,C3H6KO,potassiated,97.0055718120,58.04186481198,97.00557181197999,,,2.000888343900442e-11,,
Acetone [2M+H]+,Acetone,,C6H12O2,C6H13O2,dimer_protonated,116.0837296240,116.08372962396,117.09155462396,,,1.0078249999599933,,
Silica [M+H]+,Silica,,SiO2,HO2Si,protonated,60.9745807716,59.96675577162,60.97458077162,,,1.999467258428922e-11,,
Silica [M+NH4]+,Silica,,SiO2,H4NO2Si,ammoniated,78.0005787716,59.96675577162,78.00057877162,,,1.999467258428922e-11,,
Silica [M+Na]+,Silica,,SiO2,NaO2Si,sodiated,82.9565247716,59.96675577162,82.95652477162,,,1.999467258428922e-11,,
Silica [M+K]+,Silica,,SiO2,KO2Si,potassiated,98.9304627716,59.96675577162,98.93046277162,,,1.999467258428922e-11,,
Silica [2M+H]+,Silica,,O4Si2,HO4Si2,dimer_protonated,119.9335115432,119.93351154324,120.94133654324,,,1.0078250000400004,,
Isopropanol [M+H]+,Isopropanol,,C3H8O,C3H9O,protonated,61.0653398761,60.05751487612,61.06533987612,,,2.000177801164682e-11,,
Isopropanol [M+NH4]+,Isopropanol,,C3H8O,C3H12NO,ammoniated,78.0913378761,60.05751487612,78.09133787612001,,,2.000888343900442e-11,,
Isopropanol [M+Na]+,Isopropanol,,C3H8O,C3H8NaO,sodiated,83.0472838761,60.05751487612,83.04728387612,,,2.000888343900442e-11,,
Isopropanol [M+K]+,Isopropanol,,C3H8O,C3H8KO,potassiated,99.0212218761,60.05751487612,99.02122187612,,,1.999467258428922e-11,,
Isopropanol [2M+H]+,Isopropanol,,C6H16O2,C6H17O2,dimer_protonated,120.1150297522,120.11502975224,121.12285475224,,,1.0078250000400004,,
Isopropanol [M-H2O+H]+,Isopropanol,,C3H6,C3H7,dehydrated_protonated,42.0469501924,42.04695019242,25.03912519242,,,17.00782499998,,
"1,2-Ethylenediamine [M+H]+","1,2-Ethylenediamine",,C2H8N2,C2H9N2,protonated,61.0765732662,60.06874826616,61.07657326616,,,4.000355602329364e-11,,
"1,2-Ethylenediamine [M+NH4]+","1,2-Ethylenediamine",,C2H8N2,C2H12N3,ammoniated,78.1025712662,60.06874826616,78.10257126616,,,4.000355602329364e-11,,
"1,2-Ethylenediamine [M+Na]+","1,2-Ethylenediamine",,C2H8N2,C2H8N2Na,sodiated,83.0585172662,60.06874826616,83.05851726616,,,4.000355602329364e-11,,
"1,2-Ethylenediamine [M+K]+","1,2-Ethylenediamine",,C2H8N2,C2H8KN2,potassiated,99.0324552662,60.06874826616,99.03245526616,,,4.000355602329364e-11,,
"1,2-Ethylenediamine [2M+H]+","1,2-Ethylenediamine",,C4H16N4,C4H17N4,dimer_protonated,120.1374965323,120.13749653232,121.14532153232,,,1.0078250000199915,,
Ethylene glycol [M+H]+,Ethylene glycol,,C2H6O2,C2H7O2,protonated,63.0446044315,62.03677943154,63.044604431539994,,,3.999645059593604e-11,,
Ethylene glycol [M+NH4]+,Ethylene glycol,,C2H6O2,C2H10NO2,ammoniated,80.0706024315,62.03677943154,80.07060243154,,,3.998934516857844e-11,,
Ethylene glycol [M+Na]+,Ethylene glycol,,C2H6O2,C2H6NaO2,sodiated,85.0265484315,62.03677943154,85.02654843154,,,3.998934516857844e-11,,
Ethylene glycol [M+K]+,Ethylene glycol,,C2H6O2,C2H6KO2,potassiated,101.0004864315,62.03677943154,101.00048643154,,,4.000355602329364e-11,,
Ethylene glycol [2M+H]+,Ethylene glycol,,C4H12O4,C4H13O4,dimer_protonated,124.0735588631,124.07355886308,125.08138386307999,,,1.007824999979988,,
Ethylene glycol [M-H2O+H]+,Ethylene glycol,,C2H4O,C2H5O,dehydrated_protonated,44.0262147478,44.02621474784,27.01838974784,,,17.007824999959997,,
Nitric acid [M+H]+,Nitric acid,,HNO3,H2NO3,protonated,64.0034678956,62.99564289555,64.00346789555,,,4.999378688808065e-11,,
Nitric acid [M+NH4]+,Nitric acid,,HNO3,H5N2O3,ammoniated,81.0294658956,62.99564289555,81.02946589555,,,4.999378688808065e-11,,
Nitric acid [M+Na]+,Nitric acid,,HNO3,HNNaO3,sodiated,85.9854118956,62.99564289555,85.98541189555,,,4.999378688808065e-11,,
Nitric acid [M+K]+,Nitric acid,,HNO3,HKNO3,potassiated,101.9593498955,62.99564289555,101.95934989554999,,,4.999378688808065e-11,,
Nitric acid [2M+H]+,Nitric acid,,H2N2O6,H3N2O6,dimer_protonated,125.9912857911,125.9912857911,126.9991107911,,,1.0078249999999969,,
DMSO [M+H]+,DMSO,,C2H6OS,C2H7OS,protonated,79.0217608120,78.01393581197999,79.02176081197999,,,2.000888343900442e-11,,
DMSO [M+NH4]+,DMSO,,C2H6OS,C2H10NOS,ammoniated,96.0477588120,78.01393581197999,96.04775881197999,,,2.000888343900442e-11,,
DMSO [M+Na]+,DMSO,,C2H6OS,C2H6NaOS,sodiated,101.0037048120,78.01393581197999,101.00370481197999,,,2.000888343900442e-11,,
DMSO [M+K]+,DMSO,,C2H6OS,C2H6KOS,potassiated,116.9776428120,78.01393581197999,116.97764281197999,,,2.000888343900442e-11,,
DMSO [2M+H]+,DMSO,,C4H12O2S2,C4H13O2S2,dimer_protonated,156.0278716240,156.02787162395998,157.03569662395998,,,1.007824999959979,,
DMSO-d6 [M+H]+,DMSO-d6,,C2D6OS,C2HD6OS,protonated,85.0594212864,84.05159628636,85.05942128635999,,,4.000355602329364e-11,,
DMSO-d6 [M+NH4]+,DMSO-d6,,C2D6OS,C2H4D6NOS,ammoniated,102.0854192864,84.05159628636,102.08541928636,,,4.000355602329364e-11,,
DMSO-d6 [M+Na]+,DMSO-d6,,C2D6OS,C2D6NaOS,sodiated,107.0413652864,84.05159628636,107.04136528635999,,,4.000355602329364e-11,,
DMSO-d6 [M+K]+,DMSO-d6,,C2D6OS,C2D6KOS,potassiated,123.0153032864,84.05159628636,123.01530328636,,,4.000355602329364e-11,,
DMSO-d6 [2M+H]+,DMSO-d6,,C4D12O2S2,C4HD12O2S2,dimer_protonated,168.1031925727,168.10319257272,169.11101757272,,,1.0078250000199773,,
Piperidine [M+H]+,Piperidine,,C5H11N,C5H12N,protonated,86.0969743576,85.08914935757,86.09697435756999,,,3.001332515850663e-11,,
Piperidine [M+NH4]+,Piperidine,,C5H11N,C5H15N2,ammoniated,103.1229723576,85.08914935757,103.12297235756999,,,3.001332515850663e-11,,
Piperidine [M+Na]+,Piperidine,,C5H11N,C5H11NNa,sodiated,108.0789183576,85.08914935757,108.07891835756999,,,3.001332515850663e-11,,
Piperidine [M+K]+,Piperidine,,C5H11N,C5H11KN,potassiated,124.0528563576,85.08914935757,124.05285635757,,,3.001332515850663e-11,,
Piperidine [2M+H]+,Piperidine,,C10H22N2,C10H23N2,dimer_protonated,170.1782987151,170.17829871514,171.18612371513998,,,1.0078250000399862,,
Hexanes [M+H]+,Hexanes,,C6H14,C6H15,protonated,87.1173754490,86.10955044898,87.11737544898,,,1.999467258428922e-11,,
Hexanes [M+NH4]+,Hexanes,,C6H14,C6H18N,ammoniated,104.1433734490,86.10955044898,104.14337344898,,,1.999467258428922e-11,,
Hexanes [M+Na]+,Hexanes,,C6H14,C6H14Na,sodiated,109.0993194490,86.10955044898,109.09931944898,,,2.000888343900442e-11,,
Hexanes [M+K]+,Hexanes,,C6H14,C6H14K,potassiated,125.0732574490,86.10955044898,125.07325744898,,,1.999467258428922e-11,,
Hexanes [2M+H]+,Hexanes,,C12H28,C12H29,dimer_protonated,172.2191008980,172.21910089796,173.22692589796,,,1.0078249999600075,,
Toluene [M+H]+,Toluene,,C7H8,C7H9,protonated,93.0704252566,92.06260025656,93.07042525656,,,4.000355602329364e-11,,
Toluene [M+NH4]+,Toluene,,C7H8,C7H12N,ammoniated,110.0964232566,92.06260025656,110.09642325656,,,4.000355602329364e-11,,
Toluene [M+Na]+,Toluene,,C7H8,C7H8Na,sodiated,115.0523692566,92.06260025656,115.05236925656,,,4.000355602329364e-11,,
Toluene [M+K]+,Toluene,,C7H8,C7H8K,potassiated,131.0263072566,92.06260025656,131.02630725656002,,,3.998934516857844e-11,,
Toluene [2M+H]+,Toluene,,C14H16,C14H17,dimer_protonated,184.1252005131,184.12520051312,185.13302551312,,,1.0078250000200057,,
Aniline [M+H]+,Aniline,,C6H7N,C6H8N,protonated,94.0656742293,93.05784922929,94.06567422929,,,1.000444171950221e-11,,
Aniline [M+NH4]+,Aniline,,C6H7N,C6H11N2,ammoniated,111.0916722293,93.05784922929,111.09167222929,,,1.000444171950221e-11,,
Aniline [M+Na]+,Aniline,,C6H7N,C6H7NNa,sodiated,116.0476182293,93.05784922929,116.04761822929,,,1.000444171950221e-11,,
Aniline [M+K]+,Aniline,,C6H7N,C6H7KN,potassiated,132.0215562293,93.05784922929,132.02155622929,,,9.976020010071807e-12,,
Aniline [2M+H]+,Aniline,,C12H14N2,C12H15N2,dimer_protonated,186.1156984586,186.11569845858,187.12352345858,,,1.007824999979988,,
Silicic acid [M+H]+,Silicic acid,,H4SiO4,H5O4Si,protonated,96.9957101390,95.98788513902,96.99571013901999,,,1.999467258428922e-11,,
Silicic acid [M+NH4]+,Silicic acid,,H4SiO4,H8NO4Si,ammoniated,114.0217081390,95.98788513902,114.02170813901999,,,1.999467258428922e-11,,
Silicic acid [M+Na]+,Silicic acid,,H4SiO4,H4NaO4Si,sodiated,118.9776541390,95.98788513902,118.97765413901999,,,1.999467258428922e-11,,
Silicic acid [M+K]+,Silicic acid,,H4SiO4,H4KO4Si,potassiated,134.9515921390,95.98788513902,134.95159213902,,,1.9980461729574017e-11,,
Silicic acid [2M+H]+,Silicic acid,,H8O8Si2,H9O8Si2,dimer_protonated,191.9757702780,191.97577027804,192.98359527803999,,,1.0078250000399862,,
Phosphoric acid [M+H]+,Phosphoric acid,,H3PO4,H4O4P,protonated,98.9847202044,97.97689520444999,98.98472020444999,,,4.997957603336545e-11,,
Phosphoric acid [M+NH4]+,Phosphoric acid,,H3PO4,H7NO4P,ammoniated,116.0107182044,97.97689520444999,116.01071820444999,,,4.997957603336545e-11,,
Phosphoric acid [M+Na]+,Phosphoric acid,,H3PO4,H3NaO4P,sodiated,120.9666642044,97.97689520444999,120.96666420444998,,,4.997957603336545e-11,,
Phosphoric acid [M+K]+,Phosphoric acid,,H3PO4,H3KO4P,potassiated,136.9406022044,97.97689520444999,136.94060220445,,,4.999378688808065e-11,,
Phosphoric acid [2M+H]+,Phosphoric acid,,H6O8P2,H7O8P2,dimer_protonated,195.9537904089,195.9537904089,196.9616154089,,,1.0078249999999969,,
Triethylamine [M+H]+,Triethylamine,,C6H15N,C6H16N,protonated,102.1282744858,101.12044948585,102.12827448585,,,4.999378688808065e-11,,
Triethylamine [M+NH4]+,Triethylamine,,C6H15N,C6H19N2,ammoniated,119.1542724859,101.12044948585,119.15427248585,,,4.999378688808065e-11,,
Triethylamine [M+Na]+,Triethylamine,,C6H15N,C6H15NNa,sodiated,124.1102184858,101.12044948585,124.11021848585,,,4.999378688808065e-11,,
Triethylamine [M+K]+,Triethylamine,,C6H15N,C6H15KN,potassiated,140.0841564859,101.12044948585,140.08415648585,,,4.999378688808065e-11,,
Triethylamine [2M+H]+,Triethylamine,,C12H30N2,C12H31N2,dimer_protonated,202.2408989717,202.2408989717,203.2487239717,,,1.0078249999999969,,
Selenium dioxide [M+H]+,Selenium dioxide,80Se,SeO2,HO2Se,protonated,112.9141755391,111.90635053912,112.91417553912,,,1.999467258428922e-11,,
Selenium dioxide [M+NH4]+,Selenium dioxide,80Se,SeO2,H4NO2Se,ammoniated,129.9401735391,111.90635053912,129.94017353912,,,2.000888343900442e-11,,
Selenium dioxide [M+Na]+,Selenium dioxide,80Se,SeO2,NaO2Se,sodiated,134.8961195391,111.90635053912,134.89611953912,,,2.000888343900442e-11,,
Selenium dioxide [M+K]+,Selenium dioxide,80Se,SeO2,KO2Se,potassiated,150.8700575391,111.90635053912,150.87005753912,,,2.000888343900442e-11,,
Selenium dioxide [2M+H]+,Selenium dioxide,80Se,O4Se2,HO4Se2,dimer_protonated,223.8127010782,223.81270107824,224.82052607824,,,1.0078250000399862,,
PBG fragment 1 [M+H]+,PBG fragment 1,,C7H7NO,C7H8NO,protonated,122.0605888488,121.05276384884999,122.06058884884999,,,4.999378688808065e-11,,
PBG fragment 1 [M+NH4]+,PBG fragment 1,,C7H7NO,C7H11N2O,ammoniated,139.0865868489,121.05276384884999,139.08658684885,,,4.999378688808065e-11,,
PBG fragment 1 [M+Na]+,PBG fragment 1,,C7H7NO,C7H7NNaO,sodiated,144.0425328488,121.05276384884999,144.04253284885,,,4.999378688808065e-11,,
PBG fragment 1 [M+K]+,PBG fragment 1,,C7H7NO,C7H7KNO,potassiated,160.0164708488,121.05276384884999,160.01647084885,,,4.999378688808065e-11,,
PBG fragment 1 [2M+H]+,PBG fragment 1,,C14H14N2O2,C14H15N2O2,dimer_protonated,242.1055276977,242.10552769769998,243.11335269769998,,,1.0078249999999684,,
PBG fragment 2 [M+H]+,PBG fragment 2,,C7H8O2,C7H9O2,protonated,125.0602544957,124.05242949568,125.06025449568,,,1.999467258428922e-11,,
PBG fragment 2 [M+NH4]+,PBG fragment 2,,C7H8O2,C7H12NO2,ammoniated,142.0862524957,124.05242949568,142.08625249568001,,,1.9980461729574017e-11,,
PBG fragment 2 [M+Na]+,PBG fragment 2,,C7H8O2,C7H8NaO2,sodiated,147.0421984957,124.05242949568,147.04219849568,,,2.000888343900442e-11,,
PBG fragment 2 [M+K]+,PBG fragment 2,,C7H8O2,C7H8KO2,potassiated,163.0161364957,124.05242949568,163.01613649568,,,2.000888343900442e-11,,
PBG fragment 2 [2M+H]+,PBG fragment 2,,C14H16O4,C14H17O4,dimer_protonated,248.1048589914,248.10485899136,249.11268399136,,,1.0078249999600075,,
Quinoline [M+H]+,Quinoline,,C9H7N,C9H8N,protonated,130.0656742293,129.05784922929,130.06567422929,,,9.976020010071807e-12,,
Quinoline [M+NH4]+,Quinoline,,C9H7N,C9H11N2,ammoniated,147.0916722293,129.05784922929,147.09167222929003,,,9.976020010071807e-12,,
Quinoline [M+Na]+,Quinoline,,C9H7N,C9H7NNa,sodiated,152.0476182293,129.05784922929,152.04761822929,,,1.000444171950221e-11,,
Quinoline [M+K]+,Quinoline,,C9H7N,C9H7KN,potassiated,168.0215562293,129.05784922929,168.02155622929,,,9.976020010071807e-12,,
Quinoline [2M+H]+,Quinoline,,C18H14N2,C18H15N2,dimer_protonated,258.1156984586,258.11569845858,259.12352345858005,,,1.0078249999800732,,
Selenic acid [M+H]+,Selenic acid,80Se,H2SeO4,H3O4Se,protonated,146.9196548424,145.91182984238,146.91965484238,,,2.000888343900442e-11,,
Selenic acid [M+NH4]+,Selenic acid,80Se,H2SeO4,H6NO4Se,ammoniated,163.9456528424,145.91182984238,163.94565284238,,,1.9980461729574017e-11,,
Selenic acid [M+Na]+,Selenic acid,80Se,H2SeO4,H2NaO4Se,sodiated,168.9015988424,145.91182984238,168.90159884238,,,2.000888343900442e-11,,
Selenic acid [M+K]+,Selenic acid,80Se,H2SeO4,H2KO4Se,potassiated,184.8755368424,145.91182984238,184.87553684238,,,2.000888343900442e-11,,
Selenic acid [2M+H]+,Selenic acid,80Se,H4O8Se2,H5O8Se2,dimer_protonated,291.8236596848,291.82365968476,292.83148468476,,,1.0078249999600075,,
Coumarin [M+H]+,Coumarin,,C9H6O2,C9H7O2,protonated,147.0446044315,146.03677943154,147.04460443154,,,3.998934516857844e-11,,
Coumarin [M+NH4]+,Coumarin,,C9H6O2,C9H10NO2,ammoniated,164.0706024315,146.03677943154,164.07060243154,,,4.001776687800884e-11,,
Coumarin [M+Na]+,Coumarin,,C9H6O2,C9H6NaO2,sodiated,169.0265484315,146.03677943154,169.02654843154,,,3.998934516857844e-11,,
Coumarin [M+K]+,Coumarin,,C9H6O2,C9H6KO2,potassiated,185.0004864315,146.03677943154,185.00048643154,,,3.998934516857844e-11,,
Coumarin [2M+H]+,Coumarin,,C18H12O4,C18H13O4,dimer_protonated,292.0735588631,292.07355886308,293.08138386308,,,1.0078249999800164,,
Lead stearate [M+H]+,Lead stearate,,C6H15NO3,C6H16NO3,protonated,150.1130183445,149.10519334453,150.11301834453,,,2.998490344907623e-11,,
Lead stearate [M+NH4]+,Lead stearate,,C6H15NO3,C6H19N2O3,ammoniated,167.1390163445,149.10519334453,167.13901634453,,,3.001332515850663e-11,,
Lead stearate [M+Na]+,Lead stearate,,C6H15NO3,C6H15NNaO3,sodiated,172.0949623445,149.10519334453,172.09496234453,,,2.998490344907623e-11,,
Lead stearate [M+K]+,Lead stearate,,C6H15NO3,C6H15KNO3,potassiated,188.0689003445,149.10519334453,188.06890034453,,,2.998490344907623e-11,,
Lead stearate [2M+H]+,Lead stearate,,C12H30N2O6,C12H31N2O6,dimer_protonated,298.2103866891,298.21038668906,299.21821168906,,,1.0078249999600075,,
Triethanolamine [M+H]+,Triethanolamine,,C6H15NO3,C6H16NO3,protonated,150.1130183445,149.10519334453,150.11301834453,,,2.998490344907623e-11,,
Triethanolamine [M+NH4]+,Triethanolamine,,C6H15NO3,C6H19N2O3,ammoniated,167.1390163445,149.10519334453,167.13901634453,,,3.001332515850663e-11,,
Triethanolamine [M+Na]+,Triethanolamine,,C6H15NO3,C6H15NNaO3,sodiated,172.0949623445,149.10519334453,172.09496234453,,,2.998490344907623e-11,,
Triethanolamine [M+K]+,Triethanolamine,,C6H15NO3,C6H15KNO3,potassiated,188.0689003445,149.10519334453,188.06890034453,,,2.998490344907623e-11,,
Triethanolamine [2M+H]+,Triethanolamine,,C12H30N2O6,C12H31N2O6,dimer_protonated,298.2103866891,298.21038668906,299.21821168906,,,1.0078249999600075,,
Triethanolamine [M-H2O+H]+,Triethanolamine,,C6H13NO2,C6H14NO2,dehydrated_protonated,131.0946286608,131.09462866082998,114.08680366082999,,,17.007824999970012,,
WPBG-027 fragment [M+H]+,WPBG-027 fragment,,C9H9NO2,C9H10NO2,protonated,164.0711535326,163.06332853255003,164.07115353255003,,,4.9965365178650245e-11,,
WPBG-027 fragment [M+NH4]+,WPBG-027 fragment,,C9H9NO2,C9H13N2O2,ammoniated,181.0971515326,163.06332853255003,181.09715153255004,,,4.9965365178650245e-11,,
WPBG-027 fragment [M+Na]+,WPBG-027 fragment,,C9H9NO2,C9H9NNaO2,sodiated,186.0530975326,163.06332853255003,186.05309753255003,,,4.9965365178650245e-11,,
WPBG-027 fragment [M+K]+,WPBG-027 fragment,,C9H9NO2,C9H9KNO2,potassiated,202.0270355326,163.06332853255003,202.02703553255003,,,4.9965365178650245e-11,,
WPBG-027 fragment [2M+H]+,WPBG-027 fragment,,C18H18N2O4,C18H19N2O4,dimer_protonated,326.1266570651,326.12665706510006,327.1344820651001,,,1.0078250000000821,,
Diphenylphosphine [M+H]+,Diphenylphosphine,,C12H11P,C12H12P,protonated,187.0676619828,186.05983698276998,187.06766198276998,,,3.001332515850663e-11,,
Diphenylphosphine [M+NH4]+,Diphenylphosphine,,C12H11P,C12H15NP,ammoniated,204.0936599828,186.05983698276998,204.09365998277,,,3.001332515850663e-11,,
Diphenylphosphine [M+Na]+,Diphenylphosphine,,C12H11P,C12H11NaP,sodiated,209.0496059828,186.05983698276998,209.04960598276998,,,3.001332515850663e-11,,
Diphenylphosphine [M+K]+,Diphenylphosphine,,C12H11P,C12H11KP,potassiated,225.0235439828,186.05983698276998,225.02354398276998,,,3.001332515850663e-11,,
Diphenylphosphine [2M+H]+,Diphenylphosphine,,C24H22P2,C24H23P2,dimer_protonated,372.1196739655,372.11967396553996,373.12749896554,,,1.0078250000399862,,
Diphenylphosphine oxide [M+H]+,Diphenylphosphine oxide,,C12H11OP,C12H12OP,protonated,203.0625766023,202.05475160233,203.06257660232998,,,2.998490344907623e-11,,
Diphenylphosphine oxide [M+NH4]+,Diphenylphosphine oxide,,C12H11OP,C12H15NOP,ammoniated,220.0885746023,202.05475160233,220.08857460233,,,2.998490344907623e-11,,
Diphenylphosphine oxide [M+Na]+,Diphenylphosphine oxide,,C12H11OP,C12H11NaOP,sodiated,225.0445206023,202.05475160233,225.04452060232998,,,2.998490344907623e-11,,
Diphenylphosphine oxide [M+K]+,Diphenylphosphine oxide,,C12H11OP,C12H11KOP,potassiated,241.0184586023,202.05475160233,241.01845860232999,,,2.998490344907623e-11,,
Diphenylphosphine oxide [2M+H]+,Diphenylphosphine oxide,,C24H22O2P2,C24H23O2P2,dimer_protonated,404.1095032047,404.10950320466,405.11732820466,,,1.0078249999600075,,
3-MPTMS [M+H]+,3-MPTMS,,C6H16O3SSi,C6H17O3SSi,protonated,197.0667669043,196.05894190429999,197.06676690429998,,,2.842170943040401e-14,,
3-MPTMS [M+NH4]+,3-MPTMS,,C6H16O3SSi,C6H20NO3SSi,ammoniated,214.0927649043,196.05894190429999,214.0927649043,,,0.0,,
3-MPTMS [M+Na]+,3-MPTMS,,C6H16O3SSi,C6H16NaO3SSi,sodiated,219.0487109043,196.05894190429999,219.04871090429998,,,2.842170943040401e-14,,
3-MPTMS [M+K]+,3-MPTMS,,C6H16O3SSi,C6H16KO3SSi,potassiated,235.0226489043,196.05894190429999,235.02264890429998,,,2.842170943040401e-14,,
3-MPTMS [2M+H]+,3-MPTMS,,C12H32O6S2Si2,C12H33O6S2Si2,dimer_protonated,392.1178838086,392.11788380859997,393.1257088086,,,1.0078249999999684,,
Diphenylphosphinic acid [M+H]+,Diphenylphosphinic acid,,C12H11O2P,C12H12O2P,protonated,219.0574912219,218.04966622189,219.05749122189,,,1.000444171950221e-11,,
Diphenylphosphinic acid [M+NH4]+,Diphenylphosphinic acid,,C12H11O2P,C12H15NO2P,ammoniated,236.0834892219,218.04966622189,236.08348922189,,,1.000444171950221e-11,,
Diphenylphosphinic acid [M+Na]+,Diphenylphosphinic acid,,C12H11O2P,C12H11NaO2P,sodiated,241.0394352219,218.04966622189,241.03943522189,,,1.000444171950221e-11,,
Diphenylphosphinic acid [M+K]+,Diphenylphosphinic acid,,C12H11O2P,C12H11KO2P,potassiated,257.0133732219,218.04966622189,257.01337322189,,,1.000444171950221e-11,,
Diphenylphosphinic acid [2M+H]+,Diphenylphosphinic acid,,C24H22O4P2,C24H23O4P2,dimer_protonated,436.0993324438,436.09933244378,437.10715744378,,,1.0078249999800164,,
Lead oxide [M+H]+,Lead oxide,204Pb,PbO,HOPb,protonated,224.9793917196,223.97156671956,224.97939171956,,,3.998934516857844e-11,,
Lead oxide [M+NH4]+,Lead oxide,204Pb,PbO,H4NOPb,ammoniated,242.0053897196,223.97156671956,242.00538971956001,,,3.998934516857844e-11,,
Lead oxide [M+Na]+,Lead oxide,204Pb,PbO,NaOPb,sodiated,246.9613357196,223.97156671956,246.96133571956,,,3.998934516857844e-11,,
Lead oxide [M+K]+,Lead oxide,204Pb,PbO,KOPb,potassiated,262.9352737196,223.97156671956,262.93527371956,,,4.001776687800884e-11,,
Lead oxide [2M+H]+,Lead oxide,204Pb,O2Pb2,HO2Pb2,dimer_protonated,447.9431334391,447.94313343912,448.95095843912003,59.993631714,61.001456714,1.0078250000200342,386.9416767251,387.94950172512006
Lead hydroxide [M+H]+,Lead hydroxide,204Pb,PbOH2,H3OPb,protonated,226.9950417837,225.9872167837,226.9950417837,,,0.0,,
Lead hydroxide [M+NH4]+,Lead hydroxide,204Pb,PbOH2,H6NOPb,ammoniated,244.0210397837,225.9872167837,244.02103978370002,,,2.842170943040401e-14,,
Lead hydroxide [M+Na]+,Lead hydroxide,204Pb,PbOH2,H2NaOPb,sodiated,248.9769857837,225.9872167837,248.9769857837,,,0.0,,
Lead hydroxide [M+K]+,Lead hydroxide,204Pb,PbOH2,H2KOPb,potassiated,264.9509237837,225.9872167837,264.9509237837,,,0.0,,
Lead hydroxide [2M+H]+,Lead hydroxide,204Pb,H4O2Pb2,H5O2Pb2,dimer_protonated,451.9744335674,451.9744335674,452.98225856740004,,,1.0078250000000253,,
PBG [M+H]+,PBG,,C14H17NO2,C14H18NO2,protonated,232.1337537891,231.12592878911,232.13375378911,,,9.976020010071807e-12,,
PBG [M+NH4]+,PBG,,C14H17NO2,C14H21N2O2,ammoniated,249.1597517891,231.12592878911,249.15975178911,,,1.000444171950221e-11,,
PBG [M+Na]+,PBG,,C14H17NO2,C14H17NNaO2,sodiated,254.1156977891,231.12592878911,254.11569778911,,,9.976020010071807e-12,,
PBG [M+K]+,PBG,,C14H17NO2,C14H17KNO2,potassiated,270.0896357891,231.12592878911,270.08963578911,,,1.000444171950221e-11,,
PBG [2M+H]+,PBG,,C28H34N2O4,C28H35N2O4,dimer_protonated,462.2518575782,462.25185757822,463.25968257822,,,1.0078250000200342,,
WPBG-027 [M+H]+,WPBG-027,,C14H17NO2,C14H18NO2,protonated,232.1337537891,231.12592878911,232.13375378911,,,9.976020010071807e-12,,
WPBG-027 [M+NH4]+,WPBG-027,,C14H17NO2,C14H21N2O2,ammoniated,249.1597517891,231.12592878911,249.15975178911,,,1.000444171950221e-11,,
WPBG-027 [M+Na]+,WPBG-027,,C14H17NO2,C14H17NNaO2,sodiated,254.1156977891,231.12592878911,254.11569778911,,,9.976020010071807e-12,,
WPBG-027 [M+K]+,WPBG-027,,C14H17NO2,C14H17KNO2,potassiated,270.0896357891,231.12592878911,270.08963578911,,,1.000444171950221e-11,,
WPBG-027 [2M+H]+,WPBG-027,,C28H34N2O4,C28H35N2O4,dimer_protonated,462.2518575782,462.25185757822,463.25968257822,,,1.0078250000200342,,
TBA+ [M+H]+,TBA+,,C16H36N,C16H37N,protonated,243.2926001593,242.28477515932,243.29260015932,,,1.9980461729574017e-11,,
TBA+ [M+NH4]+,TBA+,,C16H36N,C16H40N2,ammoniated,260.3185981593,242.28477515932,260.31859815932,,,2.000888343900442e-11,,
TBA+ [M+Na]+,TBA+,,C16H36N,C16H36NNa,sodiated,265.2745441593,242.28477515932,265.27454415932,,,2.000888343900442e-11,,
TBA+ [M+K]+,TBA+,,C16H36N,C16H36KN,potassiated,281.2484821593,242.28477515932,281.24848215932,,,2.000888343900442e-11,,
TBA+ [2M+H]+,TBA+,,C32H72N2,C32H73N2,dimer_protonated,484.5695503186,484.56955031864,485.57737531864,,,1.0078250000399862,,
1-Octadecene [M+H]+,1-Octadecene,,C18H36,C18H37,protonated,253.2895261545,252.28170115452,253.28952615452,,,1.9980461729574017e-11,,
1-Octadecene [M+NH4]+,1-Octadecene,,C18H36,C18H40N,ammoniated,270.3155241545,252.28170115452,270.31552415452,,,2.000888343900442e-11,,
1-Octadecene [M+Na]+,1-Octadecene,,C18H36,C18H36Na,sodiated,275.2714701545,252.28170115452,275.27147015452,,,2.000888343900442e-11,,
1-Octadecene [M+K]+,1-Octadecene,,C18H36,C18H36K,potassiated,291.2454081545,252.28170115452,291.24540815451996,,,1.9952040020143613e-11,,
1-Octadecene [2M+H]+,1-Octadecene,,C36H72,C36H73,dimer_protonated,504.5634023090,504.56340230904,505.57122730904,,,1.0078250000399862,,
Palmitic acid - H2O [M+H]+,Palmitic acid - H2O,,C16H30O,C16H31O,protonated,239.2374905817,238.22966558166002,239.23749058166,,,3.998934516857844e-11,,
Palmitic acid - H2O [M+NH4]+,Palmitic acid - H2O,,C16H30O,C16H34NO,ammoniated,256.2634885817,238.22966558166002,256.26348858166,,,4.001776687800884e-11,,
Palmitic acid - H2O [M+Na]+,Palmitic acid - H2O,,C16H30O,C16H30NaO,sodiated,261.2194345817,238.22966558166002,261.21943458166004,,,3.9960923459148034e-11,,
Palmitic acid - H2O [M+K]+,Palmitic acid - H2O,,C16H30O,C16H30KO,potassiated,277.1933725817,238.22966558166002,277.19337258166,,,3.9960923459148034e-11,,
Palmitic acid - H2O [2M+H]+,Palmitic acid - H2O,,C32H60O2,C32H61O2,dimer_protonated,476.4593311633,476.45933116332003,477.46715616332006,,,1.0078250000200342,,
Palmitic acid [M+H]+,Palmitic acid,,C16H32O2,C16H33O2,protonated,257.2480552654,256.24023026536,257.24805526536005,,,3.9960923459148034e-11,,
Palmitic acid [M+NH4]+,Palmitic acid,,C16H32O2,C16H36NO2,ammoniated,274.2740532654,256.24023026536,274.27405326536,,,4.001776687800884e-11,,
Palmitic acid [M+Na]+,Palmitic acid,,C16H32O2,C16H32NaO2,sodiated,279.2299992654,256.24023026536,279.22999926536005,,,3.9960923459148034e-11,,
Palmitic acid [M+K]+,Palmitic acid,,C16H32O2,C16H32KO2,potassiated,295.2039372654,256.24023026536,295.20393726536,,,3.9960923459148034e-11,,
Palmitic acid [2M+H]+,Palmitic acid,,C16H32O2,C32H65O4,dimer_protonated,256.2402302654,256.24023026536,257.24805526536005,,,1.0078249999600644,,
Palmitic acid [M-H2O+H]+,Palmitic acid,,C16H32O2,C16H31O,dehydrated_protonated,256.2402302654,256.24023026536,239.23240526536003,,,17.007825000039958,,
Palmitic acid [M-CO2+H]+,Palmitic acid,,C16H32O2,C15H33,decarboxylated_protonated,256.2402302654,256.24023026536,212.25040126536004,,,43.98982900003995,,
Diphenylphosphine selenide [M+H]+,Diphenylphosphine selenide,74Se,C12H11PSe,C12H12PSe,protonated,266.9841832828,265.97635828277,266.98418328277,,,3.001332515850663e-11,,
Diphenylphosphine selenide [M+NH4]+,Diphenylphosphine selenide,74Se,C12H11PSe,C12H15NPSe,ammoniated,284.0101812828,265.97635828277,284.01018128276996,,,3.001332515850663e-11,,
Diphenylphosphine selenide [M+Na]+,Diphenylphosphine selenide,74Se,C12H11PSe,C12H11NaPSe,sodiated,288.9661272828,265.97635828277,288.96612728277,,,3.001332515850663e-11,,
Diphenylphosphine selenide [M+K]+,Diphenylphosphine selenide,74Se,C12H11PSe,C12H11KPSe,potassiated,304.9400652828,265.97635828277,304.94006528277,,,3.001332515850663e-11,,
Diphenylphosphine selenide [2M+H]+,Diphenylphosphine selenide,74Se,C24H22PSe2,C24H23PSe2,dimer_protonated,500.9789549355,500.97895493554,501.98677993554,,,1.007825000040043,,
Diphenylphosphine selenide [M+H]+,Diphenylphosphine selenide,76Se,C12H11PSe,C12H12PSe,protonated,266.9841832828,265.97635828277,266.98418328277,,,3.001332515850663e-11,,
Diphenylphosphine selenide [M+NH4]+,Diphenylphosphine selenide,76Se,C12H11PSe,C12H15NPSe,ammoniated,284.0101812828,265.97635828277,284.01018128276996,,,3.001332515850663e-11,,
Diphenylphosphine selenide [M+Na]+,Diphenylphosphine selenide,76Se,C12H11PSe,C12H11NaPSe,sodiated,288.9661272828,265.97635828277,288.96612728277,,,3.001332515850663e-11,,
Diphenylphosphine selenide [M+K]+,Diphenylphosphine selenide,76Se,C12H11PSe,C12H11KPSe,potassiated,304.9400652828,265.97635828277,304.94006528277,,,3.001332515850663e-11,,
Diphenylphosphine selenide [2M+H]+,Diphenylphosphine selenide,76Se,C24H22PSe2,C24H23PSe2,dimer_protonated,500.9789549355,500.97895493554,501.98677993554,,,1.007825000040043,,
Diphenylphosphine selenide [M+H]+,Diphenylphosphine selenide,77Se,C12H11PSe,C12H12PSe,protonated,266.9841832828,265.97635828277,266.98418328277,,,3.001332515850663e-11,,
Diphenylphosphine selenide [M+NH4]+,Diphenylphosphine selenide,77Se,C12H11PSe,C12H15NPSe,ammoniated,284.0101812828,265.97635828277,284.01018128276996,,,3.001332515850663e-11,,
Diphenylphosphine selenide [M+Na]+,Diphenylphosphine selenide,77Se,C12H11PSe,C12H11NaPSe,sodiated,288.9661272828,265.97635828277,288.96612728277,,,3.001332515850663e-11,,
Diphenylphosphine selenide [M+K]+,Diphenylphosphine selenide,77Se,C12H11PSe,C12H11KPSe,potassiated,304.9400652828,265.97635828277,304.94006528277,,,3.001332515850663e-11,,
Diphenylphosphine selenide [2M+H]+,Diphenylphosphine selenide,77Se,C24H22PSe2,C24H23PSe2,dimer_protonated,500.9789549355,500.97895493554,501.98677993554,,,1.007825000040043,,
Diphenylphosphine selenide [M+H]+,Diphenylphosphine selenide,78Se,C12H11PSe,C12H12PSe,protonated,266.9841832828,265.97635828277,266.98418328277,,,3.001332515850663e-11,,
Diphenylphosphine selenide [M+NH4]+,Diphenylphosphine selenide,78Se,C12H11PSe,C12H15NPSe,ammoniated,284.0101812828,265.97635828277,284.01018128276996,,,3.001332515850663e-11,,
Diphenylphosphine selenide [M+Na]+,Diphenylphosphine selenide,78Se,C12H11PSe,C12H11NaPSe,sodiated,288.9661272828,265.97635828277,288.96612728277,,,3.001332515850663e-11,,
Diphenylphosphine selenide [M+K]+,Diphenylphosphine selenide,78Se,C12H11PSe,C12H11KPSe,potassiated,304.9400652828,265.97635828277,304.94006528277,,,3.001332515850663e-11,,
Diphenylphosphine selenide [2M+H]+,Diphenylphosphine selenide,78Se,C24H22PSe2,C24H23PSe2,dimer_protonated,500.9789549355,500.97895493554,501.98677993554,,,1.007825000040043,,
Diphenylphosphine selenide [M+H]+,Diphenylphosphine selenide,80Se,C12H11PSe,C12H12PSe,protonated,266.9841832828,265.97635828277,266.98418328277,,,3.001332515850663e-11,,
Diphenylphosphine selenide [M+NH4]+,Diphenylphosphine selenide,80Se,C12H11PSe,C12H15NPSe,ammoniated,284.0101812828,265.97635828277,284.01018128276996,,,3.001332515850663e-11,,
Diphenylphosphine selenide [M+Na]+,Diphenylphosphine selenide,80Se,C12H11PSe,C12H11NaPSe,sodiated,288.9661272828,265.97635828277,288.96612728277,,,3.001332515850663e-11,,
Diphenylphosphine selenide [M+K]+,Diphenylphosphine selenide,80Se,C12H11PSe,C12H11KPSe,potassiated,304.9400652828,265.97635828277,304.94006528277,,,3.001332515850663e-11,,
Diphenylphosphine selenide [2M+H]+,Diphenylphosphine selenide,80Se,C24H22PSe2,C24H23PSe2,dimer_protonated,500.9789549355,500.97895493554,501.98677993554,,,1.007825000040043,,
Diphenylphosphine selenide [M+H]+,Diphenylphosphine selenide,82Se,C12H11PSe,C12H12PSe,protonated,266.9841832828,265.97635828277,266.98418328277,,,3.001332515850663e-11,,
Diphenylphosphine selenide [M+NH4]+,Diphenylphosphine selenide,82Se,C12H11PSe,C12H15NPSe,ammoniated,284.0101812828,265.97635828277,284.01018128276996,,,3.001332515850663e-11,,
Diphenylphosphine selenide [M+Na]+,Diphenylphosphine selenide,82Se,C12H11PSe,C12H11NaPSe,sodiated,288.9661272828,265.97635828277,288.96612728277,,,3.001332515850663e-11,,
Diphenylphosphine selenide [M+K]+,Diphenylphosphine selenide,82Se,C12H11PSe,C12H11KPSe,potassiated,304.9400652828,265.97635828277,304.94006528277,,,3.001332515850663e-11,,
Diphenylphosphine selenide [2M+H]+,Diphenylphosphine selenide,82Se,C24H22PSe2,C24H23PSe2,dimer_protonated,500.9789549355,500.97895493554,501.98677993554,,,1.007825000040043,,
Linoleic acid [M+H]+,Linoleic acid,,C18H32O2,C18H35O2,protonated,281.2480552654,280.24023026536,281.24805526536005,,,3.9960923459148034e-11,,
Linoleic acid [M+NH4]+,Linoleic acid,,C18H32O2,C18H38NO2,ammoniated,298.2740532654,280.24023026536,298.27405326536,,,4.001776687800884e-11,,
Linoleic acid [M+Na]+,Linoleic acid,,C18H32O2,C18H34NaO2,sodiated,303.2299992654,280.24023026536,303.22999926536005,,,3.9960923459148034e-11,,
Linoleic acid [M+K]+,Linoleic acid,,C18H32O2,C18H34KO2,potassiated,319.2039372654,280.24023026536,319.20393726536,,,3.9960923459148034e-11,,
Linoleic acid [2M+H]+,Linoleic acid,,C18H32O2,C36H69O4,dimer_protonated,280.2402302654,280.24023026536,281.24805526536005,,,1.0078249999600644,,
Linoleic acid [M-H2O+H]+,Linoleic acid,,C18H32O2,C18H33O,dehydrated_protonated,280.2402302654,280.24023026536,263.23240526536,,,17.007825000039986,,
Linoleic acid [M-CO2+H]+,Linoleic acid,,C18H32O2,C17H35,decarboxylated_protonated,280.2402302654,280.24023026536,236.25040126536004,,,43.98982900003995,,
Oleic acid - H2O [M+H]+,Oleic acid - H2O,,C18H32O,C18H33O,protonated,265.2531406458,264.2453156458,265.25314064580004,,,5.684341886080802e-14,,
Oleic acid - H2O [M+NH4]+,Oleic acid - H2O,,C18H32O,C18H36NO,ammoniated,282.2791386458,264.2453156458,282.2791386458,,,0.0,,
Oleic acid - H2O [M+Na]+,Oleic acid - H2O,,C18H32O,C18H32NaO,sodiated,287.2350846458,264.2453156458,287.23508464580004,,,5.684341886080802e-14,,
Oleic acid - H2O [M+K]+,Oleic acid - H2O,,C18H32O,C18H32KO,potassiated,303.2090226458,264.2453156458,303.2090226458,,,0.0,,
Oleic acid - H2O [2M+H]+,Oleic acid - H2O,,C36H64O2,C36H65O2,dimer_protonated,528.4906312916,528.4906312916,529.4984562916001,,,1.0078250000000253,,
Linoleic acid - H2O [M+H]+,Linoleic acid - H2O,,C18H30O,C18H31O,protonated,263.2374905817,262.22966558166,263.23749058166004,,,3.9960923459148034e-11,,
Linoleic acid - H2O [M+NH4]+,Linoleic acid - H2O,,C18H30O,C18H34NO,ammoniated,280.2634885817,262.22966558166,280.26348858166,,,4.001776687800884e-11,,
Linoleic acid - H2O [M+Na]+,Linoleic acid - H2O,,C18H30O,C18H30NaO,sodiated,285.2194345817,262.22966558166,285.21943458166004,,,3.9960923459148034e-11,,
Linoleic acid - H2O [M+K]+,Linoleic acid - H2O,,C18H30O,C18H30KO,potassiated,301.1933725817,262.22966558166,301.19337258166,,,3.9960923459148034e-11,,
Linoleic acid - H2O [2M+H]+,Linoleic acid - H2O,,C36H60O2,C36H61O2,dimer_protonated,524.4593311633,524.45933116332,525.46715616332,,,1.0078250000200342,,
Palmitoleic acid [M+H]+,Palmitoleic acid,,C16H30O2,C18H35O2,protonated,255.2324052012,254.22458020122002,255.23240520122002,,,2.000888343900442e-11,,
Palmitoleic acid [M+NH4]+,Palmitoleic acid,,C16H30O2,C18H38NO2,ammoniated,272.2584032012,254.22458020122002,272.25840320122,,,2.000888343900442e-11,,
Palmitoleic acid [M+Na]+,Palmitoleic acid,,C16H30O2,C18H34NaO2,sodiated,277.2143492012,254.22458020122002,277.21434920122005,,,2.006572685786523e-11,,
Palmitoleic acid [M+K]+,Palmitoleic acid,,C16H30O2,C18H34KO2,potassiated,293.1882872012,254.22458020122002,293.18828720122,,,2.000888343900442e-11,,
Palmitoleic acid [2M+H]+,Palmitoleic acid,,C16H30O2,C36H69O4,dimer_protonated,254.2245802012,254.22458020122002,255.23240520122002,,,1.0078250000200057,,
Stearic acid [M+H]+,Stearic acid,,C18H36O2,C18H37O2,protonated,285.2793553936,284.27153039364,285.27935539364,,,4.001776687800884e-11,,
Stearic acid [M+NH4]+,Stearic acid,,C18H36O2,C18H40NO2,ammoniated,302.3053533936,284.27153039364,302.30535339363996,,,3.9960923459148034e-11,,
Stearic acid [M+Na]+,Stearic acid,,C18H36O2,C18H36NaO2,sodiated,307.2612993936,284.27153039364,307.26129939364,,,4.001776687800884e-11,,
Stearic acid [M+K]+,Stearic acid,,C18H36O2,C18H36KO2,potassiated,323.2352373936,284.27153039364,323.23523739364,,,3.9960923459148034e-11,,
Stearic acid [2M+H]+,Stearic acid,,C18H36O2,C36H73O4,dimer_protonated,284.2715303936,284.27153039364,285.27935539364,,,1.0078250000399862,,
Stearic acid [M-H2O+H]+,Stearic acid,,C18H36O2,C18H35O,dehydrated_protonated,284.2715303936,284.27153039364,267.26370539363995,,,17.007824999960064,,
Stearic acid [M-CO2+H]+,Stearic acid,,C18H36O2,C17H37,decarboxylated_protonated,284.2715303936,284.27153039364,240.28170139364,,,43.989828999960025,,
Stearic acid - H2O [M+H]+,Stearic acid - H2O,,C18H34O,C18H35O,protonated,267.2687907099,266.26096570993997,267.26879070994,,,4.001776687800884e-11,,
Stearic acid - H2O [M+NH4]+,Stearic acid - H2O,,C18H34O,C18H38NO,ammoniated,284.2947887099,266.26096570993997,284.29478870993995,,,3.9960923459148034e-11,,
Stearic acid - H2O [M+Na]+,Stearic acid - H2O,,C18H34O,C18H34NaO,sodiated,289.2507347099,266.26096570993997,289.25073470994,,,4.001776687800884e-11,,
Stearic acid - H2O [M+K]+,Stearic acid - H2O,,C18H34O,C18H34KO,potassiated,305.2246727099,266.26096570993997,305.22467270993997,,,3.9960923459148034e-11,,
Stearic acid - H2O [2M+H]+,Stearic acid - H2O,,C36H68O2,C36H69O2,dimer_protonated,532.5219314199,532.5219314198799,533.52975641988,,,1.0078249999799027,,
Oleic acid [M+H]+,Oleic acid,,C18H34O2,C18H35O2,protonated,283.2637053295,282.2558803295,283.2637053295,,,0.0,,
Oleic acid [M+NH4]+,Oleic acid,,C18H34O2,C18H38NO2,ammoniated,300.2897033295,282.2558803295,300.28970332949996,,,5.684341886080802e-14,,
Oleic acid [M+Na]+,Oleic acid,,C18H34O2,C18H34NaO2,sodiated,305.2456493295,282.2558803295,305.2456493295,,,0.0,,
Oleic acid [M+K]+,Oleic acid,,C18H34O2,C18H34KO2,potassiated,321.2195873295,282.2558803295,321.2195873295,,,0.0,,
Oleic acid [2M+H]+,Oleic acid,,C18H34O2,C36H69O4,dimer_protonated,282.2558803295,282.2558803295,283.2637053295,,,1.0078250000000253,,
Oleic acid [M-H2O+H]+,Oleic acid,,C18H34O2,C18H33O,dehydrated_protonated,282.2558803295,282.2558803295,265.24805532949995,,,17.007825000000025,,
Oleic acid [M-CO2+H]+,Oleic acid,,C18H34O2,C17H35,decarboxylated_protonated,282.2558803295,282.2558803295,238.2660513295,,,43.989828999999986,,
Lead acetate [M+H]+,Lead acetate,204Pb,PbC4H6O4,C4H7O4Pb,protonated,327.0110857707,326.00326077065995,327.01108577066,,,4.001776687800884e-11,,
Lead acetate [M+NH4]+,Lead acetate,204Pb,PbC4H6O4,C4H10NO4Pb,ammoniated,344.0370837707,326.00326077065995,344.03708377065993,,,4.007461029686965e-11,,
Lead acetate [M+Na]+,Lead acetate,204Pb,PbC4H6O4,C4H6NaO4Pb,sodiated,348.9930297707,326.00326077065995,348.99302977066,,,4.001776687800884e-11,,
Lead acetate [M+K]+,Lead acetate,204Pb,PbC4H6O4,C4H6KO4Pb,potassiated,364.9669677707,326.00326077065995,364.96696777065995,,,4.007461029686965e-11,,
Lead acetate [2M+H]+,Lead acetate,204Pb,C8H12O8Pb2,C8H13O8Pb2,dimer_protonated,652.0065215413,652.00652154132,653.01434654132,,,1.0078250000200342,,
TOP [M+H]+,TOP,,C24H51P,C24H52P,protonated,371.3806632656,370.37283826557,371.38066326557004,,,2.9956481739645824e-11,,
TOP [M+NH4]+,TOP,,C24H51P,C24H55NP,ammoniated,388.4066612656,370.37283826557,388.40666126557,,,3.001332515850663e-11,,
TOP [M+Na]+,TOP,,C24H51P,C24H51NaP,sodiated,393.3626072656,370.37283826557,393.36260726557003,,,2.9956481739645824e-11,,
TOP [M+K]+,TOP,,C24H51P,C24H51KP,potassiated,409.3365452656,370.37283826557,409.33654526557,,,3.001332515850663e-11,,
TOP [2M+H]+,TOP,,C48H102P2,C48H103P2,dimer_protonated,740.7456765311,740.74567653114,741.75350153114,,,1.007825000040043,,
TOPO [M+H]+,TOPO,,C24H51OP,C24H52OP,protonated,387.3755778851,386.36775288513,387.37557788513004,,,3.007016857736744e-11,,
TOPO [M+NH4]+,TOPO,,C24H51OP,C24H55NOP,ammoniated,404.4015758851,386.36775288513,404.40157588513,,,3.001332515850663e-11,,
TOPO [M+Na]+,TOPO,,C24H51OP,C24H51NaOP,sodiated,409.3575218851,386.36775288513,409.35752188513004,,,3.001332515850663e-11,,
TOPO [M+K]+,TOPO,,C24H51OP,C24H51KOP,potassiated,425.3314598851,386.36775288513,425.33145988513,,,3.001332515850663e-11,,
TOPO [2M+H]+,TOPO,,C48H102O2P2,C48H103O2P2,dimer_protonated,772.7355057703,772.73550577026,773.7433307702601,,,1.0078249999600075,,
Trioctylphosphine selenide [M+H]+,Trioctylphosphine selenide,74Se,C24H51PSe,C24H52PSe,protonated,451.2971845656,450.28935956557,451.29718456557003,,,2.9956481739645824e-11,,
Trioctylphosphine selenide [M+NH4]+,Trioctylphosphine selenide,74Se,C24H51PSe,C24H55NPSe,ammoniated,468.3231825656,450.28935956557,468.32318256557,,,3.001332515850663e-11,,
Trioctylphosphine selenide [M+Na]+,Trioctylphosphine selenide,74Se,C24H51PSe,C24H51NaPSe,sodiated,473.2791285656,450.28935956557,473.27912856557003,,,2.9956481739645824e-11,,
Trioctylphosphine selenide [M+K]+,Trioctylphosphine selenide,74Se,C24H51PSe,C24H51KPSe,potassiated,489.2530665656,450.28935956557,489.25306656557,,,3.001332515850663e-11,,
Trioctylphosphine selenide [2M+H]+,Trioctylphosphine selenide,74Se,C48H102PSe2,C48H103PSe2,dimer_protonated,869.6049575011,869.60495750114,870.61278250114,,,1.007825000040043,,
Trioctylphosphine selenide [M+H]+,Trioctylphosphine selenide,76Se,C24H51PSe,C24H52PSe,protonated,451.2971845656,450.28935956557,451.29718456557003,,,2.9956481739645824e-11,,
Trioctylphosphine selenide [M+NH4]+,Trioctylphosphine selenide,76Se,C24H51PSe,C24H55NPSe,ammoniated,468.3231825656,450.28935956557,468.32318256557,,,3.001332515850663e-11,,
Trioctylphosphine selenide [M+Na]+,Trioctylphosphine selenide,76Se,C24H51PSe,C24H51NaPSe,sodiated,473.2791285656,450.28935956557,473.27912856557003,,,2.9956481739645824e-11,,
Trioctylphosphine selenide [M+K]+,Trioctylphosphine selenide,76Se,C24H51PSe,C24H51KPSe,potassiated,489.2530665656,450.28935956557,489.25306656557,,,3.001332515850663e-11,,
Trioctylphosphine selenide [2M+H]+,Trioctylphosphine selenide,76Se,C48H102PSe2,C48H103PSe2,dimer_protonated,869.6049575011,869.60495750114,870.61278250114,,,1.007825000040043,,
Trioctylphosphine selenide [M+H]+,Trioctylphosphine selenide,77Se,C24H51PSe,C24H52PSe,protonated,451.2971845656,450.28935956557,451.29718456557003,,,2.9956481739645824e-11,,
Trioctylphosphine selenide [M+NH4]+,Trioctylphosphine selenide,77Se,C24H51PSe,C24H55NPSe,ammoniated,468.3231825656,450.28935956557,468.32318256557,,,3.001332515850663e-11,,
Trioctylphosphine selenide [M+Na]+,Trioctylphosphine selenide,77Se,C24H51PSe,C24H51NaPSe,sodiated,473.2791285656,450.28935956557,473.27912856557003,,,2.9956481739645824e-11,,
Trioctylphosphine selenide [M+K]+,Trioctylphosphine selenide,77Se,C24H51PSe,C24H51KPSe,potassiated,489.2530665656,450.28935956557,489.25306656557,,,3.001332515850663e-11,,
Trioctylphosphine selenide [2M+H]+,Trioctylphosphine selenide,77Se,C48H102PSe2,C48H103PSe2,dimer_protonated,869.6049575011,869.60495750114,870.61278250114,,,1.007825000040043,,
Trioctylphosphine selenide [M+H]+,Trioctylphosphine selenide,78Se,C24H51PSe,C24H52PSe,protonated,451.2971845656,450.28935956557,451.29718456557003,,,2.9956481739645824e-11,,
Trioctylphosphine selenide [M+NH4]+,Trioctylphosphine selenide,78Se,C24H51PSe,C24H55NPSe,ammoniated,468.3231825656,450.28935956557,468.32318256557,,,3.001332515850663e-11,,
Trioctylphosphine selenide [M+Na]+,Trioctylphosphine selenide,78Se,C24H51PSe,C24H51NaPSe,sodiated,473.2791285656,450.28935956557,473.27912856557003,,,2.9956481739645824e-11,,
Trioctylphosphine selenide [M+K]+,Trioctylphosphine selenide,78Se,C24H51PSe,C24H51KPSe,potassiated,489.2530665656,450.28935956557,489.25306656557,,,3.001332515850663e-11,,
Trioctylphosphine selenide [2M+H]+,Trioctylphosphine selenide,78Se,C48H102PSe2,C48H103PSe2,dimer_protonated,869.6049575011,869.60495750114,870.61278250114,,,1.007825000040043,,
TOPSe [M+H]+,TOPSe,,C24H51PSe,C24H52PSe,protonated,451.2971845656,450.28935956557,451.29718456557003,,,2.9956481739645824e-11,,
TOPSe [M+NH4]+,TOPSe,,C24H51PSe,C24H55NPSe,ammoniated,468.3231825656,450.28935956557,468.32318256557,,,3.001332515850663e-11,,
TOPSe [M+Na]+,TOPSe,,C24H51PSe,C24H51NaPSe,sodiated,473.2791285656,450.28935956557,473.27912856557003,,,2.9956481739645824e-11,,
TOPSe [M+K]+,TOPSe,,C24H51PSe,C24H51KPSe,potassiated,489.2530665656,450.28935956557,489.25306656557,,,3.001332515850663e-11,,
TOPSe [2M+H]+,TOPSe,,C48H102P2Se2,C48H103P2Se2,dimer_protonated,900.5787191311,900.57871913114,901.58654413114,,,1.007825000040043,,
Trioctylphosphine selenide [M+H]+,Trioctylphosphine selenide,80Se,C24H51PSe,C24H52PSe,protonated,451.2971845656,450.28935956557,451.29718456557003,,,2.9956481739645824e-11,,
Trioctylphosphine selenide [M+NH4]+,Trioctylphosphine selenide,80Se,C24H51PSe,C24H55NPSe,ammoniated,468.3231825656,450.28935956557,468.32318256557,,,3.001332515850663e-11,,
Trioctylphosphine selenide [M+Na]+,Trioctylphosphine selenide,80Se,C24H51PSe,C24H51NaPSe,sodiated,473.2791285656,450.28935956557,473.27912856557003,,,2.9956481739645824e-11,,
Trioctylphosphine selenide [M+K]+,Trioctylphosphine selenide,80Se,C24H51PSe,C24H51KPSe,potassiated,489.2530665656,450.28935956557,489.25306656557,,,3.001332515850663e-11,,
Trioctylphosphine selenide [2M+H]+,Trioctylphosphine selenide,80Se,C48H102PSe2,C48H103PSe2,dimer_protonated,869.6049575011,869.60495750114,870.61278250114,,,1.007825000040043,,
Trioctylphosphine selenide [M+H]+,Trioctylphosphine selenide,82Se,C24H51PSe,C24H52PSe,protonated,451.2971845656,450.28935956557,451.29718456557003,,,2.9956481739645824e-11,,
Trioctylphosphine selenide [M+NH4]+,Trioctylphosphine selenide,82Se,C24H51PSe,C24H55NPSe,ammoniated,468.3231825656,450.28935956557,468.32318256557,,,3.001332515850663e-11,,
Trioctylphosphine selenide [M+Na]+,Trioctylphosphine selenide,82Se,C24H51PSe,C24H51NaPSe,sodiated,473.2791285656,450.28935956557,473.27912856557003,,,2.9956481739645824e-11,,
Trioctylphosphine selenide [M+K]+,Trioctylphosphine selenide,82Se,C24H51PSe,C24H51KPSe,potassiated,489.2530665656,450.28935956557,489.25306656557,,,3.001332515850663e-11,,
Trioctylphosphine selenide [2M+H]+,Trioctylphosphine selenide,82Se,C48H102PSe2,C48H103PSe2,dimer_protonated,869.6049575011,869.60495750114,870.61278250114,,,1.007825000040043,,
Lead [M+H]+,Lead,204Pb,PbI2,HI2Pb,protonated,462.7934231000,461.7855981,462.79342310000004,,,5.684341886080802e-14,,
Lead [M+NH4]+,Lead,204Pb,PbI2,H4I2NPb,ammoniated,479.8194211000,461.7855981,479.8194211,,,0.0,,
Lead [M+Na]+,Lead,204Pb,PbI2,I2NaPb,sodiated,484.7753671000,461.7855981,484.77536710000004,,,5.684341886080802e-14,,
Lead [M+K]+,Lead,204Pb,PbI2,I2KPb,potassiated,500.7493051000,461.7855981,500.7493051,,,0.0,,
Lead [2M+H]+,Lead,204Pb,I4Pb2,HI4Pb2,dimer_protonated,923.5711962000,923.5711962,924.5790212,,,1.0078250000000253,,
Lead palmitate [M+H]+,Lead palmitate,,PbC32H62O4,C32H63O4Pb,protonated,719.4492875666,718.4414625665801,719.4492875665801,,,1.9895196601282805e-11,,
Lead palmitate [M+NH4]+,Lead palmitate,,PbC32H62O4,C32H66NO4Pb,ammoniated,736.4752855666,718.4414625665801,736.47528556658,,,1.9895196601282805e-11,,
Lead palmitate [M+Na]+,Lead palmitate,,PbC32H62O4,C32H62NaO4Pb,sodiated,741.4312315666,718.4414625665801,741.4312315665801,,,1.9895196601282805e-11,,
Lead palmitate [M+K]+,Lead palmitate,,PbC32H62O4,C32H62KO4Pb,potassiated,757.4051695666,718.4414625665801,757.4051695665801,,,1.9895196601282805e-11,,
Lead palmitate [2M+H]+,Lead palmitate,,C64H124O8Pb2,C64H125O8Pb2,dimer_protonated,1436.8829251332,1436.8829251331601,1437.89075013316,,,1.0078249999601212,,
Lead linoleate [M+H]+,Lead linoleate,204Pb,PbC36H62O4,C36H63O4Pb,protonated,767.4492875666,766.4414625665801,767.4492875665801,,,1.9895196601282805e-11,,
Lead linoleate [M+NH4]+,Lead linoleate,204Pb,PbC36H62O4,C36H66NO4Pb,ammoniated,784.4752855666,766.4414625665801,784.47528556658,,,1.9895196601282805e-11,,
Lead linoleate [M+Na]+,Lead linoleate,204Pb,PbC36H62O4,C36H62NaO4Pb,sodiated,789.4312315666,766.4414625665801,789.4312315665801,,,1.9895196601282805e-11,,
Lead linoleate [M+K]+,Lead linoleate,204Pb,PbC36H62O4,C36H62KO4Pb,potassiated,805.4051695666,766.4414625665801,805.4051695665801,,,1.9895196601282805e-11,,
Lead linoleate [2M+H]+,Lead linoleate,204Pb,C72H124O8Pb2,C72H125O8Pb2,dimer_protonated,1532.8829251332,1532.8829251331601,1533.89075013316,,,1.0078249999601212,,
Lead oleate [M+H]+,Lead oleate,204Pb,PbC36H66O4,C36H67O4Pb,protonated,771.4805876949,770.4727626948601,771.4805876948601,,,3.9904080040287226e-11,,
Lead oleate [M+NH4]+,Lead oleate,204Pb,PbC36H66O4,C36H70NO4Pb,ammoniated,788.5065856949,770.4727626948601,788.5065856948601,,,3.9904080040287226e-11,,
Lead oleate [M+Na]+,Lead oleate,204Pb,PbC36H66O4,C36H66NaO4Pb,sodiated,793.4625316949,770.4727626948601,793.4625316948601,,,3.9904080040287226e-11,,
Lead oleate [M+K]+,Lead oleate,204Pb,PbC36H66O4,C36H66KO4Pb,potassiated,809.4364696949,770.4727626948601,809.4364696948601,,,3.9904080040287226e-11,,
Lead oleate [2M+H]+,Lead oleate,204Pb,C72H132O8Pb2,C72H133O8Pb2,dimer_protonated,1540.9455253897,1540.9455253897202,1541.95335038972,,,1.0078250000201479,,
3-Mercaptopropylsilanetriol [M+H]+,3-Mercaptopropylsilanetriol,,C3H10O3SSi,C3H11O3SSi,protonated,155.0198167119,154.01199171188,155.01981671188,,,2.000888343900442e-11,,
3-Mercaptopropylsilanetriol [M+NH4]+,3-Mercaptopropylsilanetriol,,C3H10O3SSi,C3H14NO3SSi,ammoniated,172.0458147119,154.01199171188,172.04581471188,,,1.9980461729574017e-11,,
3-Mercaptopropylsilanetriol [M+Na]+,3-Mercaptopropylsilanetriol,,C3H10O3SSi,C3H10NaO3SSi,sodiated,177.0017607119,154.01199171188,177.00176071188,,,2.000888343900442e-11,,
3-Mercaptopropylsilanetriol [M+K]+,3-Mercaptopropylsilanetriol,,C3H10O3SSi,C3H10KO3SSi,potassiated,192.9756987119,154.01199171188,192.97569871188,,,2.000888343900442e-11,,
3-Mercaptopropylsilanetriol [2M+H]+,3-Mercaptopropylsilanetriol,,C6H20O6S2Si2,C6H21O6S2Si2,dimer_protonated,308.0239834238,308.02398342376,309.03180842376,,,1.0078249999600075,,
Hexamethylcyclotrisiloxane (D3) [M+H]+,Hexamethylcyclotrisiloxane (D3),,C6H18O3Si3,C6H19O3Si3,protonated,223.0641990334,222.05637403344,223.06419903344,,,3.998934516857844e-11,,
Hexamethylcyclotrisiloxane (D3) [M+NH4]+,Hexamethylcyclotrisiloxane (D3),,C6H18O3Si3,C6H22NO3Si3,ammoniated,240.0901970334,222.05637403344,240.09019703344,,,4.001776687800884e-11,,
Hexamethylcyclotrisiloxane (D3) [M+Na]+,Hexamethylcyclotrisiloxane (D3),,C6H18O3Si3,C6H18NaO3Si3,sodiated,245.0461430334,222.05637403344,245.04614303344,,,3.998934516857844e-11,,
Hexamethylcyclotrisiloxane (D3) [M+K]+,Hexamethylcyclotrisiloxane (D3),,C6H18O3Si3,C6H18KO3Si3,potassiated,261.0200810334,222.05637403344,261.02008103343996,,,3.9960923459148034e-11,,
Hexamethylcyclotrisiloxane (D3) [2M+H]+,Hexamethylcyclotrisiloxane (D3),,C12H36O6Si6,C12H37O6Si6,dimer_protonated,444.1127480669,444.11274806688,445.12057306688,,,1.0078249999800164,,
Octamethylcyclotetrasiloxane (D4) [M+H]+,Octamethylcyclotetrasiloxane (D4),,C8H24O4Si4,C8H25O4Si4,protonated,297.0829903779,296.07516537792,297.08299037792,,,2.000888343900442e-11,,
Octamethylcyclotetrasiloxane (D4) [M+NH4]+,Octamethylcyclotetrasiloxane (D4),,C8H24O4Si4,C8H28NO4Si4,ammoniated,314.1089883779,296.07516537792,314.10898837791996,,,1.9952040020143613e-11,,
Octamethylcyclotetrasiloxane (D4) [M+Na]+,Octamethylcyclotetrasiloxane (D4),,C8H24O4Si4,C8H24NaO4Si4,sodiated,319.0649343779,296.07516537792,319.06493437792,,,2.000888343900442e-11,,
Octamethylcyclotetrasiloxane (D4) [M+K]+,Octamethylcyclotetrasiloxane (D4),,C8H24O4Si4,C8H24KO4Si4,potassiated,335.0388723779,296.07516537792,335.03887237792,,,1.9952040020143613e-11,,
Octamethylcyclotetrasiloxane (D4) [2M+H]+,Octamethylcyclotetrasiloxane (D4),,C16H48O8Si8,C16H49O8Si8,dimer_protonated,592.1503307558,592.15033075584,593.15815575584,,,1.0078250000399294,,
Decamethylcyclopentasiloxane (D5) [M+H]+,Decamethylcyclopentasiloxane (D5),,C10H30O5Si5,C10H31O5Si5,protonated,371.1017817224,370.0939567224,371.1017817224,,,0.0,,
Decamethylcyclopentasiloxane (D5) [M+NH4]+,Decamethylcyclopentasiloxane (D5),,C10H30O5Si5,C10H34NO5Si5,ammoniated,388.1277797224,370.0939567224,388.12777972239996,,,5.684341886080802e-14,,
Decamethylcyclopentasiloxane (D5) [M+Na]+,Decamethylcyclopentasiloxane (D5),,C10H30O5Si5,C10H30NaO5Si5,sodiated,393.0837257224,370.0939567224,393.0837257224,,,0.0,,
Decamethylcyclopentasiloxane (D5) [M+K]+,Decamethylcyclopentasiloxane (D5),,C10H30O5Si5,C10H30KO5Si5,potassiated,409.0576637224,370.0939567224,409.0576637224,,,0.0,,
Decamethylcyclopentasiloxane (D5) [2M+H]+,Decamethylcyclopentasiloxane (D5),,C20H60O10Si10,C20H61O10Si10,dimer_protonated,740.1879134448,740.1879134448,741.1957384448,,,1.0078250000000253,,
Diethylene glycol [M+H]+,Diethylene glycol,,C4H10O3,C4H11O3,protonated,107.0708191794,106.06299417938,107.07081917938,,,2.000888343900442e-11,,
Diethylene glycol [M+NH4]+,Diethylene glycol,,C4H10O3,C4H14NO3,ammoniated,124.0968171794,106.06299417938,124.09681717938,,,2.000888343900442e-11,,
Diethylene glycol [M+Na]+,Diethylene glycol,,C4H10O3,C4H10NaO3,sodiated,129.0527631794,106.06299417938,129.05276317938,,,1.9980461729574017e-11,,
Diethylene glycol [M+K]+,Diethylene glycol,,C4H10O3,C4H10KO3,potassiated,145.0267011794,106.06299417938,145.02670117937998,,,2.000888343900442e-11,,
Diethylene glycol [2M+H]+,Diethylene glycol,,C8H20O6,C8H21O6,dimer_protonated,212.1259883588,212.12598835876,213.13381335876,,,1.0078249999600075,,
Diethylene glycol [M-H2O+H]+,Diethylene glycol,,C4H8O2,C4H9O2,dehydrated_protonated,88.0524294957,88.05242949568,71.04460449568,,,17.00782500001999,,
Triethylene glycol [M+H]+,Triethylene glycol,,C6H14O4,C6H15O4,protonated,151.0970339272,150.08920892722,151.09703392722,,,2.000888343900442e-11,,
Triethylene glycol [M+NH4]+,Triethylene glycol,,C6H14O4,C6H18NO4,ammoniated,168.1230319272,150.08920892722,168.12303192722,,,2.000888343900442e-11,,
Triethylene glycol [M+Na]+,Triethylene glycol,,C6H14O4,C6H14NaO4,sodiated,173.0789779272,150.08920892722,173.07897792722,,,2.000888343900442e-11,,
Triethylene glycol [M+K]+,Triethylene glycol,,C6H14O4,C6H14KO4,potassiated,189.0529159272,150.08920892722,189.05291592722,,,2.000888343900442e-11,,
Triethylene glycol [2M+H]+,Triethylene glycol,,C12H28O8,C12H29O8,dimer_protonated,300.1784178544,300.17841785444,301.18624285444,,,1.007825000040043,,
Triethylene glycol [M-H2O+H]+,Triethylene glycol,,C6H12O3,C6H13O3,dehydrated_protonated,132.0786442435,132.07864424352,115.07081924351999,,,17.007824999980016,,
TBA fragment C12H28N [M+H]+,TBA fragment C12H28N,,C12H28N,C12H29N,protonated,187.2299999028,186.22217490276,187.22999990276,,,3.998934516857844e-11,,
TBA fragment C12H28N [M+NH4]+,TBA fragment C12H28N,,C12H28N,C12H32N2,ammoniated,204.2559979028,186.22217490276,204.25599790276001,,,3.998934516857844e-11,,
TBA fragment C12H28N [M+Na]+,TBA fragment C12H28N,,C12H28N,C12H28NNa,sodiated,209.2119439028,186.22217490276,209.21194390276,,,3.998934516857844e-11,,
TBA fragment C12H28N [M+K]+,TBA fragment C12H28N,,C12H28N,C12H28KN,potassiated,225.1858819028,186.22217490276,225.18588190276,,,3.998934516857844e-11,,
TBA fragment C12H28N [2M+H]+,TBA fragment C12H28N,,C24H56N2,C24H57N2,dimer_protonated,372.4443498055,372.44434980552,373.45217480552003,,,1.0078250000200342,,
TBA fragment C6H14N [M+H]+,TBA fragment C6H14N,,C6H14N,C6H15N,protonated,101.1204494538,100.11262445378,101.12044945378,,,2.000888343900442e-11,,
TBA fragment C6H14N [M+NH4]+,TBA fragment C6H14N,,C6H14N,C6H18N2,ammoniated,118.1464474538,100.11262445378,118.14644745378,,,1.999467258428922e-11,,
TBA fragment C6H14N [M+Na]+,TBA fragment C6H14N,,C6H14N,C6H14NNa,sodiated,123.1023934538,100.11262445378,123.10239345378,,,2.000888343900442e-11,,
TBA fragment C6H14N [M+K]+,TBA fragment C6H14N,,C6H14N,C6H14KN,potassiated,139.0763314538,100.11262445378,139.07633145378,,,2.000888343900442e-11,,
TBA fragment C6H14N [2M+H]+,TBA fragment C6H14N,,C12H28N2,C12H29N2,dimer_protonated,200.2252489076,200.22524890756,201.23307390756,,,1.0078249999600075,,
